{ "SUPERLAVA": { "MUSIC": "VOLCANO", "OBJECTS": { "22,6": "BLUE SNIFIT", "89,31": "LAVA", "59,19": "LAVA", "13,10": "GREY SNIFIT", "93,20": "FIREBAR", "63,14": "PODOBOO", "95,31": "LAVA", "45,19": "LAVA RIGHT SLOPE", "64,19": "LAVA LEFT SLOPE", "108,31": "LAVA", "103,31": "LAVA", "47,18": "LAVA RIGHT SLOPE", "29,17": "LAVA", "22,17": "LAVA", "114,31": "LAVA", "14,17": "LAVA", "50,18": "LAVA", "53,9": "GREY SNIFIT", "81,24": "BONY BEETLE", "106,31": "LAVA", "38,9": "DOWN ENGINE", "27,17": "LAVA", "68,16": "PODOBOO", "84,22": "PODOBOO", "49,18": "LAVA", "64,15": "COIN", "111,31": "LAVA", "11,17": "LAVA", "30,17": "LAVA", "22,4": "COIN", "57,19": "LAVA", "90,31": "LAVA", "61,19": "LAVA", "26,17": "LAVA", "42,21": "LAVA", "24,12": "QUESTION BLOCK", "107,31": "LAVA", "68,21": "LAVA LEFT SLOPE", "31,17": "LAVA", "10,17": "LAVA", "110,31": "LAVA", "75,18": "PODOBOO", "78,26": "LAVA LEFT SLOPE", "56,19": "LAVA", "60,19": "LAVA", "40,20": "LAVA LEFT SLOPE", "91,31": "LAVA", "36,18": "LAVA LEFT SLOPE", "58,19": "LAVA", "88,31": "LAVA", "94,31": "LAVA", "35,3": "CHECKPOINT", "23,17": "LAVA", "28,17": "LAVA", "21,4": "COIN", "102,31": "LAVA", "109,31": "LAVA", "51,18": "LAVA", "34,17": "LAVA LEFT SLOPE", "15,17": "LAVA", "115,31": "LAVA", "97,31": "LAVA", "53,6": "GREY SNIFIT", "16,17": "LAVA", "116,31": "LAVA", "52,18": "LAVA", "101,31": "LAVA", "20,17": "LAVA", "63,15": "COIN", "88,22": "LARGE FIREBAR", "70,22": "LAVA LEFT SLOPE", "13,17": "LAVA", "18,17": "LAVA", "113,31": "LAVA", "32,17": "LAVA", "104,31": "LAVA", "25,17": "LAVA", "84,29": "LAVA LEFT SLOPE", "99,31": "LAVA", "92,31": "LAVA", "43,20": "LAVA RIGHT SLOPE", "63,19": "LAVA", "55,19": "LAVA", "22,5": "COIN", "72,23": "LAVA LEFT SLOPE", "86,30": "LAVA LEFT SLOPE", "33,17": "LAVA", "74,24": "LAVA LEFT SLOPE", "38,19": "LAVA LEFT SLOPE", "19,17": "LAVA", "112,31": "LAVA", "12,17": "LAVA", "24,17": "LAVA", "105,31": "LAVA", "62,19": "LAVA", "93,31": "LAVA", "98,31": "LAVA", "82,20": "FIREBAR", "92,23": "BONY BEETLE", "76,25": "LAVA LEFT SLOPE", "21,13": "FIREBAR", "66,20": "LAVA LEFT SLOPE", "21,5": "COIN", "82,28": "LAVA LEFT SLOPE", "96,31": "LAVA", "53,18": "LAVA LEFT SLOPE", "117,31": "LAVA", "17,17": "LAVA", "21,17": "LAVA", "62,15": "COIN", "100,31": "LAVA", "80,27": "LAVA LEFT SLOPE" }, "CLASSIC_SCROLL": 0.000000, "DAREDEVIL": 0.000000, "TILES_BG": { }, "WIDTH": 192.000000, "MODIFIERS": { "6,14": "DESTINATION:FIRSTPIPE", "24,12": "FIRE FLOWER", "113,21": "TEXT:SECONDPIPE,MAIN" }, "HEIGHT": 44.000000, "BACKGROUND": "DUNGEON", "MARKERS": { "7,16": "UP", "113,20": "WARP TOP", "27,9": "CLOCKWISE", "8,13": "UP", "88,22": "CLOCKWISE", "113,21": "WARP MARKER" }, "KEEP_POWERUP": 0.000000, "RAIN": 0.000000, "TILES": { "10,22": "23,31", "52,19": "23,31", "46,6": "43,26", "30,15": "0,29", "113,36": "23,31", "16,18": "23,31", "54,23": "23,31", "82,31": "23,31", "87,39": "23,31", "8,16": "0,29", "34,24": "23,31", "53,20": "23,31", "5,1": "0,29", "23,0": "0,29", "90,12": "0,29", "85,32": "23,31", "17,21": "23,31", "58,20": "23,31", "70,25": "23,31", "78,17": "43,26", "93,20": "38,23", "114,35": "23,31", "78,19": "43,26", "104,13": "0,29", "111,33": "23,31", "31,22": "23,31", "11,15": "34,10", "56,26": "23,31", "76,11": "0,29", "80,34": "23,31", "36,21": "23,31", "51,25": "23,31", "87,37": "23,31", "15,24": "23,31", "16,0": "0,29", "46,8": "43,26", "77,28": "23,31", "86,40": "23,31", "113,38": "23,31", "43,23": "23,31", "40,5": "0,29", "85,19": "43,26", "88,23": "0,29", "49,0": "0,29", "76,34": "23,31", "90,39": "23,31", "48,23": "23,31", "31,0": "0,29", "38,5": "0,29", "61,8": "0,29", "60,26": "23,31", "55,0": "0,29", "104,36": "23,31", "28,24": "23,31", "41,3": "0,29", "67,25": "23,31", "99,32": "23,31", "103,35": "23,31", "23,24": "23,31", "39,3": "0,29", "54,6": "0,29", "87,12": "0,29", "71,37": "23,31", "92,32": "23,31", "108,35": "23,31", "26,22": "23,31", "30,8": "0,29", "54,8": "0,29", "61,11": "0,29", "69,23": "23,31", "71,39": "23,31", "74,31": "23,31", "97,34": "23,31", "20,18": "23,31", "62,23": "23,31", "18,0": "0,29", "42,14": "0,29", "113,13": "0,29", "106,33": "23,31", "61,6": "0,29", "91,40": "23,31", "78,32": "23,31", "104,38": "23,31", "21,21": "23,31", "46,25": "23,31", "85,17": "43,26", "73,32": "23,31", "90,37": "23,31", "22,19": "23,31", "60,22": "23,31", "68,9": "0,29", "111,12": "0,29", "104,32": "23,31", "78,38": "23,31", "24,23": "23,31", "29,19": "23,31", "49,4": "43,26", "66,18": "0,29", "74,9": "0,29", "88,27": "0,29", "73,38": "23,31", "76,30": "23,31", "95,35": "23,31", "23,20": "23,31", "44,24": "23,31", "39,7": "0,29", "115,23": "0,29", "71,33": "23,31", "92,36": "23,31", "28,20": "23,31", "41,7": "0,29", "47,16": "0,29", "99,36": "23,31", "106,39": "23,31", "62,27": "23,31", "99,38": "23,31", "106,37": "23,31", "41,22": "23,31", "69,27": "23,31", "107,40": "23,31", "74,35": "23,31", "92,38": "23,31", "21,25": "23,31", "46,21": "23,31", "85,13": "43,26", "73,36": "23,31", "90,33": "23,31", "61,2": "0,29", "65,24": "23,31", "114,14": "0,29", "78,36": "23,31", "101,34": "23,31", "33,23": "23,31", "53,7": "0,29", "54,27": "23,31", "74,10": "0,29", "105,20": "0,29", "82,35": "23,31", "38,23": "23,31", "35,19": "23,31", "46,2": "0,29", "106,12": "0,29", "113,32": "23,31", "89,35": "23,31", "17,25": "23,31", "58,24": "23,31", "37,12": "0,29", "36,1": "0,29", "50,16": "0,29", "66,9": "0,29", "70,21": "0,29", "93,24": "0,29", "78,13": "43,26", "109,23": "0,29", "75,29": "23,31", "111,39": "23,31", "34,20": "23,31", "53,24": "23,31", "5,5": "0,29", "85,36": "23,31", "14,19": "23,31", "19,23": "23,31", "56,22": "23,31", "110,40": "23,31", "85,38": "23,31", "80,30": "23,31", "12,23": "23,31", "6,14": "26,19", "75,27": "23,31", "96,22": "0,29", "111,37": "23,31", "15,20": "23,31", "103,14": "0,29", "116,34": "23,31", "36,25": "23,31", "51,21": "23,31", "59,13": "0,29", "108,14": "0,29", "87,33": "23,31", "26,20": "23,31", "41,24": "23,31", "49,16": "0,29", "60,2": "0,29", "61,13": "0,29", "110,23": "0,29", "74,33": "23,31", "97,36": "23,31", "108,39": "23,31", "62,21": "23,31", "42,16": "0,29", "103,39": "23,31", "27,19": "23,31", "61,4": "0,29", "65,22": "23,31", "114,12": "0,29", "101,32": "23,31", "78,30": "23,31", "21,23": "23,31", "85,15": "43,26", "76,38": "23,31", "73,30": "23,31", "90,35": "23,31", "24,25": "23,31", "40,7": "0,29", "88,21": "0,29", "49,2": "43,26", "76,36": "23,31", "95,33": "23,31", "60,24": "23,31", "48,21": "23,31", "38,7": "0,29", "55,2": "0,29", "111,14": "0,29", "104,34": "23,31", "67,27": "23,31", "109,40": "23,31", "103,37": "23,31", "44,22": "23,31", "69,9": "0,29", "71,35": "23,31", "102,40": "23,31", "97,38": "23,31", "108,37": "23,31", "12,25": "23,31", "55,16": "0,29", "114,39": "23,31", "19,25": "23,31", "31,20": "23,31", "56,24": "23,31", "39,12": "0,29", "107,23": "0,29", "80,36": "23,31", "36,23": "23,31", "108,12": "0,29", "87,35": "23,31", "30,19": "23,31", "103,12": "0,29", "116,32": "23,31", "10,20": "23,31", "38,25": "23,31", "18,12": "0,29", "46,4": "43,26", "106,14": "0,29", "89,33": "23,31", "113,34": "23,31", "33,25": "23,31", "54,21": "23,31", "67,9": "0,29", "82,33": "23,31", "11,19": "23,31", "53,22": "23,31", "5,3": "0,29", "98,22": "0,29", "115,40": "23,31", "80,38": "23,31", "17,23": "23,31", "58,22": "23,31", "70,27": "23,31", "78,15": "43,26", "114,37": "23,31", "5,9": "0,29", "19,21": "23,31", "31,24": "23,31", "56,20": "23,31", "17,0": "0,29", "95,12": "0,29", "80,32": "23,31", "6,16": "0,29", "12,21": "23,31", "104,15": "0,29", "111,35": "23,31", "18,18": "23,31", "15,22": "23,31", "72,26": "23,31", "89,39": "23,31", "116,36": "23,31", "13,18": "23,31", "51,23": "23,31", "82,39": "23,31", "33,21": "23,31", "54,25": "23,31", "53,5": "0,29", "74,12": "0,29", "105,22": "0,29", "79,28": "23,31", "88,40": "23,31", "82,37": "23,31", "10,24": "23,31", "38,21": "23,31", "22,0": "0,29", "72,28": "23,31", "83,40": "23,31", "89,37": "23,31", "116,38": "23,31", "32,18": "23,31", "58,26": "23,31", "114,33": "23,31", "5,7": "0,29", "34,22": "23,31", "14,15": "0,29", "53,26": "23,31", "73,11": "0,29", "85,34": "23,31", "62,25": "23,31", "42,12": "0,29", "89,12": "0,29", "113,15": "0,29", "75,40": "23,31", "106,35": "23,31", "26,24": "23,31", "69,25": "23,31", "82,12": "0,29", "97,32": "23,31", "74,37": "23,31", "46,23": "23,31", "19,0": "0,29", "49,8": "43,26", "73,34": "23,31", "95,39": "23,31", "31,8": "0,29", "55,8": "0,29", "65,26": "23,31", "78,34": "23,31", "101,36": "23,31", "60,20": "23,31", "48,25": "23,31", "38,3": "0,29", "83,25": "0,29", "94,40": "23,31", "101,38": "23,31", "24,21": "23,31", "43,25": "23,31", "40,3": "0,29", "49,6": "43,26", "88,25": "0,29", "76,32": "23,31", "95,37": "23,31", "23,22": "23,31", "30,0": "0,29", "39,5": "0,29", "54,0": "0,29", "115,21": "0,29", "71,31": "23,31", "74,39": "23,31", "92,34": "23,31", "108,33": "23,31", "25,18": "23,31", "28,22": "23,31", "25,5": "0,29", "41,5": "0,29", "67,23": "23,31", "99,34": "23,31", "103,33": "23,31", "61,24": "23,31", "49,21": "23,31", "45,2": "0,29", "110,14": "0,29", "105,34": "23,31", "25,25": "23,31", "59,2": "0,29", "77,36": "23,31", "94,33": "23,31", "45,22": "23,31", "44,4": "0,29", "103,40": "23,31", "96,38": "23,31", "109,37": "23,31", "46,10": "43,26", "66,27": "23,31", "65,9": "0,29", "85,22": "43,27", "88,18": "0,29", "51,1": "43,26", "108,40": "23,31", "102,37": "23,31", "63,21": "23,31", "43,16": "0,29", "102,39": "23,31", "27,20": "23,31", "40,24": "23,31", "48,16": "0,29", "60,13": "0,29", "111,23": "0,29", "75,33": "23,31", "96,36": "23,31", "109,39": "23,31", "20,23": "23,31", "77,38": "23,31", "72,30": "23,31", "91,35": "23,31", "26,19": "23,31", "64,22": "23,31", "115,12": "0,29", "100,32": "23,31", "79,30": "23,31", "32,25": "23,31", "55,21": "23,31", "13,9": "0,29", "83,33": "23,31", "5,17": "0,29", "39,25": "23,31", "11,20": "23,31", "19,12": "0,29", "107,14": "0,29", "88,33": "23,31", "112,34": "23,31", "16,23": "23,31", "59,22": "23,31", "71,27": "23,31", "115,37": "23,31", "10,19": "23,31", "52,22": "23,31", "57,2": "0,29", "114,40": "23,31", "81,38": "23,31", "18,25": "23,31", "30,20": "23,31", "57,24": "23,31", "38,12": "0,29", "106,23": "0,29", "81,36": "23,31", "13,25": "23,31", "33,12": "0,29", "54,16": "0,29", "71,29": "23,31", "115,39": "23,31", "31,19": "23,31", "53,15": "0,29", "102,12": "0,29", "117,32": "23,31", "37,23": "23,31", "78,22": "43,26", "109,12": "0,29", "101,20": "0,29", "86,35": "23,31", "5,13": "0,29", "11,24": "23,31", "39,21": "23,31", "32,0": "0,29", "73,28": "23,31", "117,38": "23,31", "82,40": "23,31", "88,37": "23,31", "32,21": "23,31", "55,25": "23,31", "12,16": "34,11", "27,5": "0,29", "43,5": "0,29", "75,12": "0,29", "78,28": "23,31", "89,40": "23,31", "83,37": "23,31", "35,22": "23,31", "15,15": "0,29", "91,14": "43,26", "84,34": "23,31", "33,18": "23,31", "42,3": "0,29", "59,26": "23,31", "115,33": "23,31", "7,16": "0,29", "13,21": "23,31", "54,12": "0,29", "105,15": "0,29", "110,35": "23,31", "18,21": "23,31", "30,24": "23,31", "57,20": "23,31", "94,12": "0,29", "81,32": "23,31", "12,18": "23,31", "50,23": "23,31", "83,39": "23,31", "19,18": "23,31", "14,22": "23,31", "53,11": "0,29", "73,26": "23,31", "117,36": "23,31", "88,39": "23,31", "25,21": "23,31", "42,25": "23,31", "113,22": "26,19", "77,32": "23,31", "94,37": "23,31", "61,20": "23,31", "49,25": "23,31", "82,25": "0,29", "115,18": "0,29", "95,40": "23,31", "100,38": "23,31", "24,18": "23,31", "29,22": "23,31", "66,23": "23,31", "51,5": "43,26", "98,34": "23,31", "102,33": "23,31", "22,22": "23,31", "20,0": "0,29", "29,5": "0,29", "114,21": "27,19", "75,39": "23,31", "93,34": "23,31", "109,33": "23,31", "27,24": "23,31", "68,25": "23,31", "83,12": "0,29", "96,32": "23,31", "75,37": "23,31", "63,25": "23,31", "88,12": "0,29", "112,15": "0,29", "74,40": "23,31", "107,35": "23,31", "15,0": "0,29", "64,26": "23,31", "115,16": "0,29", "79,34": "23,31", "100,36": "23,31", "47,23": "23,31", "72,34": "23,31", "94,39": "23,31", "30,22": "23,31", "10,15": "34,10", "57,26": "23,31", "81,34": "23,31", "54,14": "0,29", "105,13": "0,29", "110,33": "23,31", "14,24": "23,31", "32,8": "0,29", "56,8": "0,29", "76,28": "23,31", "87,40": "23,31", "112,38": "23,31", "37,21": "23,31", "50,25": "23,31", "78,20": "43,26", "86,37": "23,31", "17,18": "23,31", "55,23": "23,31", "43,3": "0,29", "83,31": "23,31", "86,39": "23,31", "5,15": "0,29", "11,22": "23,31", "31,15": "0,29", "112,36": "23,31", "16,21": "23,31", "59,20": "23,31", "26,5": "0,29", "42,5": "0,29", "71,25": "23,31", "115,35": "23,31", "9,16": "0,29", "35,24": "23,31", "52,20": "23,31", "33,0": "0,29", "91,12": "0,29", "84,32": "23,31", "21,18": "23,31", "63,23": "23,31", "112,13": "0,29", "107,33": "23,31", "27,22": "23,31", "14,0": "0,29", "68,23": "23,31", "75,31": "23,31", "96,34": "23,31", "20,21": "23,31", "47,25": "23,31", "72,32": "23,31", "91,37": "23,31", "90,40": "23,31", "79,32": "23,31", "105,38": "23,31", "49,23": "23,31", "26,15": "0,29", "21,0": "0,29", "28,5": "0,29", "61,26": "23,31", "105,36": "23,31", "42,23": "23,31", "77,34": "23,31", "91,39": "23,31", "22,24": "23,31", "86,12": "0,29", "93,32": "23,31", "109,35": "23,31", "29,24": "23,31", "46,12": "43,27", "66,25": "23,31", "85,20": "43,26", "51,3": "43,26", "98,32": "23,31", "71,40": "23,31", "102,35": "23,31", "40,22": "23,31", "68,27": "23,31", "106,40": "23,31", "75,35": "23,31", "93,38": "23,31", "63,27": "23,31", "98,38": "23,31", "107,37": "23,31", "64,24": "23,31", "115,14": "0,29", "79,36": "23,31", "100,34": "23,31", "20,25": "23,31", "47,21": "23,31", "72,36": "23,31", "91,33": "23,31", "25,23": "23,31", "28,19": "23,31", "67,18": "0,29", "64,9": "0,29", "113,20": "26,18", "72,38": "23,31", "77,30": "23,31", "94,35": "23,31", "23,19": "23,31", "61,22": "23,31", "110,12": "0,29", "105,32": "23,31", "79,38": "23,31", "29,20": "23,31", "46,16": "0,29", "58,2": "0,29", "51,7": "43,26", "98,36": "23,31", "107,39": "23,31", "22,20": "23,31", "45,24": "23,31", "44,2": "0,29", "114,23": "0,29", "93,36": "23,31", "13,23": "23,31", "7,14": "27,19", "54,10": "0,29", "74,27": "23,31", "97,22": "0,29", "110,37": "23,31", "15,19": "23,31", "18,23": "23,31", "57,22": "23,31", "81,30": "23,31", "111,40": "23,31", "84,38": "23,31", "37,25": "23,31", "50,21": "23,31", "17,12": "0,29", "78,24": "43,27", "109,14": "0,29", "86,33": "23,31", "14,20": "23,31", "53,13": "0,29", "117,34": "23,31", "5,11": "0,29", "34,19": "23,31", "39,23": "23,31", "56,2": "0,29", "107,12": "0,29", "112,32": "23,31", "88,35": "23,31", "32,23": "23,31", "55,27": "23,31", "75,10": "0,29", "104,20": "0,29", "83,35": "23,31", "35,20": "23,31", "52,24": "23,31", "91,16": "43,26", "84,36": "23,31", "16,25": "23,31", "59,24": "23,31", "36,12": "0,29", "51,16": "0,29", "71,21": "0,29", "92,24": "0,29", "108,23": "0,29", "74,29": "23,31", "110,39": "23,31", "21,24": "23,31", "85,12": "0,29", "88,28": "0,29", "90,32": "23,31", "79,40": "23,31", "73,37": "23,31", "61,3": "0,29", "65,25": "23,31", "114,15": "0,29", "72,40": "23,31", "78,37": "23,31", "101,35": "23,31", "25,15": "0,29", "11,0": "0,29", "62,26": "23,31", "99,39": "23,31", "106,36": "23,31", "41,23": "23,31", "69,26": "23,31", "74,34": "23,31", "92,39": "23,31", "23,21": "23,31", "44,25": "23,31", "39,6": "0,29", "115,22": "0,29", "71,32": "23,31", "98,40": "23,31", "92,37": "23,31", "28,21": "23,31", "41,6": "0,29", "93,40": "23,31", "99,37": "23,31", "106,38": "23,31", "22,18": "23,31", "60,23": "23,31", "111,13": "0,29", "78,39": "23,31", "104,33": "23,31", "29,18": "23,31", "24,22": "23,31", "24,0": "0,29", "49,5": "43,26", "88,26": "0,29", "73,39": "23,31", "76,31": "23,31", "95,34": "23,31", "15,21": "23,31", "72,25": "23,31", "99,12": "0,29", "103,15": "0,29", "116,35": "23,31", "36,24": "23,31", "51,20": "23,31", "53,8": "0,29", "92,12": "0,29", "108,15": "0,29", "87,32": "23,31", "14,18": "23,31", "19,22": "23,31", "56,23": "23,31", "80,31": "23,31", "85,39": "23,31", "12,22": "23,31", "50,19": "23,31", "6,15": "26,19", "75,26": "23,31", "32,15": "0,29", "111,36": "23,31", "17,24": "23,31", "58,25": "23,31", "36,0": "0,29", "78,12": "0,29", "52,0": "0,29", "75,28": "23,31", "84,40": "23,31", "111,38": "23,31", "34,21": "23,31", "53,25": "23,31", "5,4": "0,29", "85,37": "23,31", "33,22": "23,31", "37,6": "0,29", "54,26": "23,31", "74,11": "0,29", "105,21": "0,29", "82,34": "23,31", "38,22": "23,31", "46,3": "43,26", "106,13": "0,29", "89,34": "23,31", "113,33": "23,31", "36,20": "23,31", "51,24": "23,31", "87,36": "23,31", "15,25": "23,31", "35,12": "0,29", "52,16": "0,29", "46,9": "43,26", "72,21": "0,29", "91,24": "0,29", "77,29": "23,31", "113,39": "23,31", "78,18": "43,26", "104,12": "0,29", "111,32": "23,31", "31,23": "23,31", "56,27": "23,31", "80,35": "23,31", "8,17": "0,29", "34,25": "23,31", "53,21": "23,31", "5,0": "0,29", "73,9": "0,29", "47,1": "0,29", "85,33": "23,31", "17,20": "23,31", "58,21": "23,31", "70,24": "23,31", "78,16": "43,26", "114,34": "23,31", "10,23": "23,31", "22,7": "0,29", "46,7": "43,26", "77,27": "23,31", "113,37": "23,31", "16,19": "23,31", "54,22": "23,31", "13,11": "0,29", "37,2": "0,29", "59,18": "0,29", "82,30": "23,31", "112,40": "23,31", "87,38": "23,31", "45,16": "0,29", "61,7": "0,29", "65,21": "23,31", "78,33": "23,31", "104,39": "23,31", "21,20": "23,31", "46,24": "23,31", "29,12": "0,29", "85,16": "43,26", "73,33": "23,31", "90,36": "23,31", "26,23": "23,31", "54,9": "0,29", "61,10": "0,29", "71,38": "23,31", "74,30": "23,31", "97,35": "23,31", "20,19": "23,31", "62,22": "23,31", "42,15": "0,29", "113,12": "0,29", "106,32": "23,31", "28,25": "23,31", "41,2": "0,29", "67,24": "23,31", "81,29": "23,31", "99,33": "23,31", "103,34": "23,31", "23,25": "23,31", "39,2": "0,29", "54,7": "0,29", "71,36": "23,31", "92,33": "23,31", "108,34": "23,31", "43,22": "23,31", "40,4": "0,29", "88,22": "38,23", "85,18": "43,26", "49,1": "0,29", "105,40": "23,31", "76,35": "23,31", "90,38": "23,31", "48,22": "23,31", "38,4": "0,29", "61,9": "0,29", "60,27": "23,31", "55,1": "0,29", "104,37": "23,31", "32,19": "23,31", "36,2": "0,29", "58,27": "23,31", "101,12": "0,29", "114,32": "23,31", "5,6": "0,29", "34,23": "23,31", "73,10": "0,29", "102,20": "0,29", "85,35": "23,31", "33,20": "23,31", "54,24": "23,31", "105,23": "0,29", "79,29": "23,31", "82,36": "23,31", "10,25": "23,31", "57,16": "0,29", "72,9": "0,29", "94,24": "0,29", "46,1": "0,29", "72,29": "23,31", "89,36": "23,31", "116,39": "23,31", "15,23": "23,31", "18,19": "23,31", "72,27": "23,31", "89,38": "23,31", "116,37": "23,31", "13,19": "23,31", "51,22": "23,31", "117,40": "23,31", "82,38": "23,31", "5,8": "0,29", "31,25": "23,31", "19,20": "23,31", "56,21": "23,31", "80,33": "23,31", "6,17": "0,29", "12,20": "23,31", "104,14": "0,29", "111,34": "23,31", "23,23": "23,31", "39,4": "0,29", "61,18": "0,29", "115,20": "0,29", "71,30": "23,31", "108,32": "23,31", "74,38": "23,31", "92,35": "23,31", "25,19": "23,31", "28,23": "23,31", "41,4": "0,29", "67,22": "23,31", "48,1": "0,29", "103,32": "23,31", "99,35": "23,31", "60,21": "23,31", "48,24": "23,31", "27,12": "0,29", "38,2": "0,29", "101,39": "23,31", "24,20": "23,31", "43,24": "23,31", "40,2": "0,29", "49,7": "43,26", "88,24": "0,29", "112,23": "0,29", "76,33": "23,31", "95,36": "23,31", "46,22": "23,31", "49,9": "43,27", "100,40": "23,31", "73,35": "23,31", "95,38": "23,31", "65,27": "23,31", "78,35": "23,31", "101,37": "23,31", "62,24": "23,31", "42,13": "0,29", "113,14": "0,29", "106,34": "23,31", "26,25": "23,31", "69,24": "23,31", "74,36": "23,31", "97,33": "23,31", "25,0": "0,29", "67,26": "23,31", "103,36": "23,31", "49,19": "23,31", "44,23": "23,31", "54,5": "0,29", "71,34": "23,31", "97,39": "23,31", "108,36": "23,31", "24,24": "23,31", "40,6": "0,29", "49,3": "43,26", "80,12": "0,29", "88,20": "0,29", "95,32": "23,31", "76,37": "23,31", "48,20": "23,31", "60,25": "23,31", "38,6": "0,29", "40,12": "0,29", "111,15": "0,29", "77,40": "23,31", "104,35": "23,31", "27,18": "23,31", "38,8": "37,15", "61,5": "0,29", "65,23": "23,31", "114,13": "0,29", "78,31": "23,31", "101,33": "23,31", "21,22": "23,31", "10,0": "0,29", "85,14": "43,26", "76,39": "23,31", "73,31": "23,31", "90,34": "23,31", "26,21": "23,31", "41,25": "23,31", "61,12": "0,29", "74,32": "23,31", "97,37": "23,31", "108,38": "23,31", "62,20": "23,31", "81,25": "0,29", "96,40": "23,31", "103,38": "23,31", "11,18": "23,31", "53,23": "23,31", "5,2": "0,29", "85,31": "23,31", "80,39": "23,31", "17,22": "23,31", "58,23": "23,31", "36,6": "0,29", "70,26": "23,31", "78,14": "43,26", "114,36": "23,31", "10,21": "23,31", "38,24": "23,31", "46,5": "43,26", "106,15": "0,29", "89,32": "23,31", "113,35": "23,31", "33,24": "23,31", "54,20": "23,31", "97,12": "0,29", "53,0": "0,29", "82,32": "23,31", "36,22": "23,31", "16,15": "0,29", "108,13": "0,29", "87,34": "23,31", "30,18": "23,31", "103,13": "0,29", "116,33": "23,31", "12,24": "23,31", "6,13": "26,18", "81,40": "23,31", "114,38": "23,31", "19,24": "23,31", "31,21": "23,31", "56,25": "23,31", "11,16": "34,11", "76,12": "0,29", "80,37": "23,31", "12,19": "23,31", "50,22": "23,31", "116,40": "23,31", "83,38": "23,31", "14,23": "23,31", "19,19": "23,31", "53,10": "0,29", "73,27": "23,31", "117,37": "23,31", "88,38": "23,31", "7,17": "0,29", "13,20": "23,31", "54,13": "0,29", "105,14": "0,29", "110,34": "23,31", "30,25": "23,31", "18,20": "23,31", "57,21": "23,31", "81,33": "23,31", "35,23": "23,31", "72,10": "0,29", "91,15": "43,26", "103,20": "0,29", "84,35": "23,31", "33,19": "23,31", "42,2": "0,29", "59,27": "23,31", "100,12": "0,29", "115,32": "23,31", "5,12": "0,29", "11,25": "23,31", "56,16": "0,29", "62,9": "0,29", "95,24": "0,29", "117,39": "23,31", "73,29": "23,31", "88,36": "23,31", "32,20": "23,31", "55,24": "23,31", "8,0": "0,29", "43,4": "0,29", "83,36": "23,31", "78,29": "23,31", "64,27": "23,31", "115,17": "0,29", "79,35": "23,31", "100,37": "23,31", "47,22": "23,31", "101,40": "23,31", "72,35": "23,31", "94,38": "23,31", "27,25": "23,31", "68,24": "23,31", "75,36": "23,31", "96,33": "23,31", "63,24": "23,31", "112,14": "0,29", "107,34": "23,31", "24,19": "23,31", "29,23": "23,31", "66,22": "23,31", "51,4": "43,26", "102,32": "23,31", "98,35": "23,31", "22,23": "23,31", "6,0": "0,29", "60,18": "0,29", "70,9": "0,29", "114,20": "27,18", "109,32": "23,31", "75,38": "23,31", "93,35": "23,31", "25,20": "23,31", "42,24": "23,31", "113,23": "0,29", "77,33": "23,31", "94,36": "23,31", "61,21": "23,31", "49,24": "23,31", "21,7": "0,29", "115,19": "0,29", "100,39": "23,31", "20,22": "23,31", "77,39": "23,31", "72,31": "23,31", "91,34": "23,31", "26,18": "23,31", "64,23": "23,31", "115,13": "0,29", "79,31": "23,31", "100,33": "23,31", "63,20": "23,31", "80,25": "0,29", "88,17": "0,29", "97,40": "23,31", "102,38": "23,31", "27,21": "23,31", "40,25": "23,31", "75,32": "23,31", "96,37": "23,31", "109,38": "23,31", "45,23": "23,31", "29,0": "0,29", "96,39": "23,31", "109,36": "23,31", "35,0": "0,29", "46,11": "43,26", "66,26": "23,31", "88,19": "0,29", "51,0": "0,29", "102,36": "23,31", "49,20": "23,31", "61,25": "23,31", "41,12": "0,29", "82,20": "38,23", "110,15": "0,29", "76,40": "23,31", "105,35": "23,31", "25,24": "23,31", "81,12": "0,29", "94,32": "23,31", "77,37": "23,31", "31,18": "23,31", "53,14": "0,29", "117,33": "23,31", "37,22": "23,31", "78,23": "43,26", "109,13": "0,29", "86,34": "23,31", "18,24": "23,31", "30,21": "23,31", "57,25": "23,31", "10,16": "34,11", "77,12": "0,29", "81,37": "23,31", "13,24": "23,31", "7,13": "27,18", "12,0": "0,29", "71,28": "23,31", "80,40": "23,31", "115,38": "23,31", "16,22": "23,31", "59,23": "23,31", "42,6": "0,29", "71,26": "23,31", "115,36": "23,31", "10,18": "23,31", "52,23": "23,31", "84,31": "23,31", "81,39": "23,31", "32,24": "23,31", "55,20": "23,31", "27,0": "0,29", "96,12": "0,29", "83,32": "23,31", "5,16": "0,29", "11,21": "23,31", "39,24": "23,31", "107,15": "0,29", "88,32": "23,31", "112,35": "23,31", "29,21": "23,31", "21,13": "0,29", "35,6": "0,29", "51,6": "43,26", "92,40": "23,31", "98,37": "23,31", "107,38": "23,31", "22,21": "23,31", "45,25": "23,31", "44,3": "0,29", "114,22": "27,19", "99,40": "23,31", "93,37": "23,31", "28,18": "23,31", "25,22": "23,31", "34,0": "0,29", "50,0": "0,29", "113,21": "26,19", "72,39": "23,31", "77,31": "23,31", "94,34": "23,31", "23,18": "23,31", "61,23": "23,31", "28,0": "0,29", "110,13": "0,29", "79,39": "23,31", "105,33": "23,31", "64,25": "23,31", "115,15": "0,29", "73,40": "23,31", "79,37": "23,31", "100,35": "23,31", "20,24": "23,31", "47,20": "23,31", "84,12": "0,29", "91,32": "23,31", "78,40": "23,31", "72,37": "23,31", "40,23": "23,31", "68,26": "23,31", "75,34": "23,31", "93,39": "23,31", "24,15": "0,29", "63,26": "23,31", "51,8": "43,27", "98,39": "23,31", "107,36": "23,31", "35,21": "23,31", "52,25": "23,31", "91,17": "43,27", "84,37": "23,31", "16,24": "23,31", "59,25": "23,31", "26,0": "0,29", "79,12": "0,29", "74,28": "23,31", "85,40": "23,31", "110,38": "23,31", "5,10": "0,29", "39,22": "23,31", "107,13": "0,29", "88,34": "23,31", "112,33": "23,31", "32,22": "23,31", "12,15": "34,10", "55,26": "23,31", "75,11": "0,29", "83,34": "23,31", "37,24": "23,31", "50,20": "23,31", "13,0": "0,29", "93,12": "0,29", "109,15": "0,29", "86,32": "23,31", "14,21": "23,31", "53,12": "0,29", "73,25": "23,31", "98,12": "0,29", "117,35": "23,31", "13,22": "23,31", "51,19": "23,31", "7,15": "27,19", "54,11": "0,29", "74,26": "23,31", "110,36": "23,31", "15,18": "23,31", "18,22": "23,31", "57,23": "23,31", "84,39": "23,31", "81,31": "23,31", "16,20": "23,31", "59,21": "23,31", "9,0": "0,29", "42,4": "0,29", "71,24": "23,31", "115,34": "23,31", "9,17": "0,29", "35,25": "23,31", "52,21": "23,31", "63,9": "0,29", "91,13": "43,26", "84,33": "23,31", "17,19": "23,31", "55,22": "23,31", "43,2": "0,29", "83,30": "23,31", "113,40": "23,31", "86,38": "23,31", "5,14": "0,29", "11,23": "23,31", "76,27": "23,31", "112,37": "23,31", "14,25": "23,31", "34,12": "0,29", "53,16": "0,29", "76,29": "23,31", "112,39": "23,31", "37,20": "23,31", "50,24": "23,31", "78,21": "43,26", "86,36": "23,31", "30,23": "23,31", "57,27": "23,31", "81,35": "23,31", "54,15": "0,29", "105,12": "0,29", "110,32": "23,31", "22,25": "23,31", "45,21": "23,31", "93,33": "23,31", "109,34": "23,31", "29,25": "23,31", "66,24": "23,31", "85,21": "43,26", "51,2": "43,26", "80,29": "23,31", "98,33": "23,31", "102,34": "23,31", "49,22": "23,31", "7,0": "0,29", "61,27": "23,31", "71,9": "0,29", "105,37": "23,31", "42,22": "23,31", "104,40": "23,31", "77,35": "23,31", "91,38": "23,31", "20,20": "23,31", "47,24": "23,31", "28,12": "0,29", "72,33": "23,31", "91,36": "23,31", "44,16": "0,29", "64,21": "23,31", "79,33": "23,31", "105,39": "23,31", "21,19": "23,31", "63,22": "23,31", "112,12": "0,29", "107,32": "23,31", "27,23": "23,31", "65,18": "0,29", "75,30": "23,31", "96,35": "23,31" }, "SNOW": 0.000000 }, "MAIN": { "MUSIC": "NO MUSIC", "OBJECTS": { "437,216": "COIN", "401,216": "RED DONUT", "473,228": "LINE GRINDER", "395,217": "COIN", "366,217": "COIN", "362,221": "LAVA", "500,231": "MOVING PLATFORM", "431,217": "QUESTION BLOCK", "488,231": "COIN", "497,227": "GREY SNIFIT", "398,218": "COIN", "470,235": "SNIFIT", "394,218": "DRY BONES", "369,221": "LAVA", "365,221": "LAVA", "398,216": "RED DONUT", "489,232": "COIN", "438,217": "H EXPAND PLATFORM", "478,236": "LAVA", "379,215": "QUESTION BLOCK", "368,215": "PODOBOO", "490,231": "COIN", "480,236": "LAVA", "472,235": "LINE GRINDER", "367,221": "LAVA", "491,232": "COIN", "439,216": "COIN", "478,234": "PODOBOO", "452,212": "LINE GRINDER", "397,217": "COIN", "364,217": "COIN", "489,231": "COIN", "395,218": "COIN", "368,221": "LAVA", "364,221": "LAVA", "399,216": "RED DONUT", "488,232": "COIN", "357,218": "DRY BONES", "477,236": "LAVA", "363,221": "LAVA", "398,217": "COIN", "440,216": "COIN", "436,216": "COIN", "400,216": "RED DONUT", "509,228": "MOVING PLATFORM", "513,226": "GREY SNIFIT", "455,215": "LINE GRINDER", "502,234": "MARIO", "501,225": "MOVING PLATFORM", "365,217": "COIN", "375,214": "GREY SNIFIT", "444,215": "H EXPAND PLATFORM", "438,216": "COIN", "402,216": "RED DONUT", "486,234": "LINE GRINDER", "402,218": "DRY BONES", "491,231": "COIN", "481,236": "LAVA", "397,218": "COIN", "366,221": "LAVA", "490,232": "COIN", "397,216": "RED DONUT", "479,236": "LAVA", "480,231": "PODOBOO" }, "CLASSIC_SCROLL": 0.000000, "DAREDEVIL": 0.000000, "TILES_BG": { }, "WIDTH": 527.000000, "MODIFIERS": { "426,218": "DESTINATION:SECONDPIPE", "431,217": "FIRE FLOWER", "506,219": "TEXT:PIPETHREE,ROPES", "407,214": "TEXT:FIRSTPIPE,SUPERLAVA" }, "HEIGHT": 253.000000, "BACKGROUND": "CASTLE", "MARKERS": { "456,215": "SPEED", "473,228": "DOWN", "407,213": "WARP TOP", "500,231": "RIGHT", "506,219": "WARP MARKER", "472,235": "UP", "452,212": "UP", "501,228": "RIGHT", "407,214": "WARP MARKER", "452,205": "DOWN", "472,228": "DOWN", "495,234": "LEFT", "512,225": "LEFT", "470,215": "LEFT", "455,215": "RIGHT", "501,225": "RIGHT", "452,211": "SPEED", "506,221": "WARP BOTTOM", "506,225": "SPEED", "486,234": "RIGHT", "511,228": "LEFT", "428,217": "UP", "473,235": "UP", "508,231": "LEFT" }, "KEEP_POWERUP": 0.000000, "RAIN": 0.000000, "TILES": { "363,205": "15,27", "364,195": "16,27", "408,225": "16,28", "386,205": "15,27", "415,204": "15,28", "425,226": "15,28", "472,221": "16,27", "475,240": "3,17", "342,206": "16,28", "345,196": "27,17", "338,202": "16,27", "341,219": "46,17", "372,224": "16,27", "397,224": "15,27", "404,225": "16,28", "419,204": "15,28", "451,215": "16,28", "453,222": "15,27", "429,226": "15,28", "461,237": "3,16", "479,240": "3,17", "484,237": "3,16", "344,201": "16,27", "358,208": "26,17", "339,195": "15,27", "343,191": "15,27", "359,220": "15,27", "374,223": "16,28", "391,223": "15,28", "402,222": "16,27", "369,202": "15,28", "455,225": "15,27", "448,204": "29,17", "466,218": "8,31", "519,222": "8,31", "365,202": "15,28", "362,192": "16,28", "355,220": "15,27", "378,223": "16,28", "380,202": "16,28", "413,203": "15,27", "422,209": "16,27", "421,216": "15,28", "423,221": "15,27", "444,204": "29,17", "459,225": "26,17", "477,239": "3,16", "515,222": "29,17", "357,219": "46,17", "364,224": "16,27", "381,224": "15,27", "410,212": "15,28", "412,225": "16,28", "379,205": "15,27", "420,230": "16,28", "422,207": "16,27", "421,218": "15,28", "445,222": "15,28", "468,221": "16,27", "477,237": "23,31", "358,206": "26,17", "368,224": "16,27", "403,204": "15,28", "390,205": "15,27", "375,205": "15,27", "449,222": "15,28", "433,226": "15,28", "342,208": "16,28", "345,198": "27,17", "359,191": "15,27", "343,220": "15,27", "405,203": "15,27", "396,202": "16,28", "373,202": "15,28", "418,222": "16,28", "435,221": "15,27", "434,209": "29,17", "452,204": "29,17", "484,239": "4,16", "337,213": "15,28", "362,223": "0,29", "387,223": "15,28", "409,203": "15,27", "414,222": "16,28", "416,215": "16,27", "439,221": "15,27", "443,225": "15,27", "438,209": "29,17", "470,218": "0,29", "345,202": "27,17", "342,192": "16,28", "338,196": "16,28", "358,223": "16,28", "375,220": "15,27", "390,220": "16,27", "403,221": "15,28", "391,208": "16,28", "368,201": "16,27", "369,229": "15,28", "454,226": "16,28", "464,204": "29,17", "364,201": "16,27", "363,191": "15,27", "337,189": "15,27", "354,223": "16,28", "379,220": "15,27", "381,201": "16,27", "365,229": "15,28", "380,229": "16,28", "420,215": "16,27", "422,222": "16,28", "458,226": "16,28", "468,204": "29,17", "362,206": "16,28", "365,196": "15,28", "366,189": "16,27", "361,219": "8,31", "384,219": "0,29", "387,206": "16,28", "335,201": "15,28", "414,207": "16,27", "416,230": "16,28", "417,218": "15,28", "424,225": "16,27", "439,204": "8,31", "471,215": "0,29", "496,222": "29,17", "343,205": "15,27", "339,201": "15,27", "344,195": "16,27", "388,219": "0,29", "373,227": "15,28", "418,207": "16,27", "450,216": "15,27", "452,221": "15,28", "428,225": "16,27", "358,192": "26,17", "342,223": "16,28", "397,201": "15,27", "372,201": "16,27", "373,229": "15,28", "418,209": "16,27", "419,221": "15,27", "450,218": "15,27", "434,222": "16,28", "486,225": "26,17", "365,198": "15,28", "362,208": "16,28", "366,187": "16,27", "363,220": "34,11", "386,220": "16,27", "387,208": "16,28", "336,210": "16,27", "414,209": "16,27", "415,221": "15,27", "417,216": "15,28", "438,222": "16,28", "442,226": "16,28", "367,210": "46,17", "411,211": "16,27", "378,206": "16,28", "365,227": "15,28", "380,227": "16,28", "413,226": "15,28", "423,204": "15,28", "444,221": "16,27", "469,222": "15,28", "458,228": "4,17", "359,205": "15,27", "338,198": "16,27", "377,219": "0,29", "392,219": "0,29", "391,206": "16,28", "374,206": "16,28", "369,227": "15,28", "448,221": "16,27", "432,225": "16,27", "457,237": "3,16", "364,205": "16,27", "363,195": "15,27", "379,224": "15,27", "412,204": "16,28", "381,205": "16,27", "420,211": "16,27", "422,226": "16,28", "458,222": "15,28", "345,206": "27,17", "341,189": "15,27", "342,196": "16,28", "338,192": "16,28", "346,219": "46,17", "358,227": "16,28", "377,213": "0,29", "375,224": "15,27", "390,224": "16,27", "403,225": "15,28", "368,205": "16,27", "454,222": "16,27", "466,237": "4,16", "483,237": "4,16", "343,201": "15,27", "339,205": "15,27", "358,198": "26,17", "344,191": "16,27", "407,215": "26,19", "373,223": "15,28", "396,223": "16,28", "405,222": "15,27", "418,203": "16,27", "428,221": "16,27", "452,225": "16,27", "429,209": "29,17", "362,202": "16,28", "365,192": "15,28", "352,220": "16,27", "409,222": "15,27", "387,202": "16,28", "335,205": "15,28", "414,203": "16,27", "424,221": "16,27", "425,209": "8,31", "443,204": "29,17", "471,211": "0,29", "512,222": "8,31", "350,219": "46,17", "363,224": "15,27", "386,224": "16,27", "408,204": "16,28", "336,214": "16,27", "415,225": "15,27", "417,212": "15,28", "426,218": "26,19", "442,222": "16,28", "438,226": "16,28", "470,237": "4,16", "340,210": "16,28", "358,196": "26,17", "397,205": "29,17", "404,204": "16,28", "372,205": "16,27", "338,223": "16,28", "419,225": "15,27", "434,226": "16,28", "481,240": "3,17", "342,198": "16,28", "345,208": "27,17", "359,201": "15,27", "341,187": "15,27", "344,220": "16,27", "358,229": "16,28", "369,223": "0,29", "402,203": "16,27", "391,202": "16,28", "374,202": "16,28", "432,221": "16,27", "448,225": "16,27", "433,209": "29,17", "455,204": "29,17", "457,233": "3,16", "483,239": "3,16", "348,220": "16,27", "365,223": "0,29", "380,223": "16,28", "411,215": "16,27", "378,202": "16,28", "413,222": "15,28", "422,228": "16,28", "444,225": "16,27", "459,204": "29,17", "469,226": "15,28", "342,202": "16,28", "345,192": "27,17", "338,206": "16,27", "406,216": "0,29", "372,220": "16,27", "397,220": "15,27", "404,221": "16,28", "418,228": "16,28", "429,222": "15,28", "453,226": "15,28", "463,204": "29,17", "363,201": "15,27", "364,191": "16,27", "337,219": "15,28", "353,223": "15,28", "409,209": "0,29", "408,221": "16,28", "386,201": "15,27", "362,229": "16,28", "425,222": "15,28", "472,225": "16,27", "365,206": "15,28", "361,189": "15,27", "362,196": "16,28", "366,219": "34,10", "383,219": "0,29", "410,218": "15,28", "380,206": "16,28", "378,227": "16,28", "413,207": "15,27", "421,212": "15,28", "423,225": "15,27", "459,221": "26,17", "491,222": "29,17", "344,205": "16,27", "339,191": "15,27", "343,195": "15,27", "359,224": "15,27", "369,206": "15,28", "374,227": "16,28", "455,221": "16,27", "519,226": "3,29", "507,218": "27,19", "358,202": "26,17", "345,223": "15,28", "368,220": "34,11", "390,201": "15,27", "375,201": "15,27", "374,229": "16,28", "457,218": "0,29", "433,222": "15,28", "449,226": "15,28", "519,228": "3,29", "362,198": "16,28", "365,208": "15,28", "361,187": "15,27", "349,223": "15,28", "364,220": "34,11", "381,220": "15,27", "410,216": "15,28", "412,221": "16,28", "379,201": "15,27", "378,229": "16,28", "413,209": "15,27", "422,203": "16,27", "445,226": "15,28", "468,225": "16,27", "360,210": "16,28", "337,217": "15,28", "399,219": "0,29", "409,207": "0,29", "335,220": "15,27", "362,227": "16,28", "414,226": "16,28", "416,211": "16,27", "424,204": "16,28", "443,221": "15,27", "439,225": "15,27", "359,195": "15,27", "338,208": "16,27", "339,220": "15,27", "370,219": "8,31", "395,219": "0,29", "406,218": "15,28", "373,206": "15,28", "418,226": "16,28", "435,225": "15,27", "487,222": "29,17", "343,209": "15,27", "344,199": "16,27", "358,190": "26,17", "342,221": "16,28", "397,203": "15,27", "404,202": "16,28", "372,203": "16,27", "419,223": "15,27", "434,220": "0,29", "460,238": "4,17", "485,238": "4,17", "486,227": "8,31", "366,185": "16,27", "363,222": "23,31", "386,222": "16,27", "408,202": "16,28", "336,212": "16,27", "415,223": "15,27", "417,214": "15,28", "424,229": "16,27", "438,220": "0,29", "442,224": "16,28", "439,208": "26,17", "471,219": "15,27", "365,225": "15,28", "380,225": "16,28", "411,213": "16,27", "378,204": "16,28", "413,224": "15,28", "420,219": "16,27", "423,206": "15,28", "444,223": "16,27", "469,220": "15,28", "476,236": "3,29", "493,236": "3,29", "359,207": "15,27", "402,205": "29,17", "369,225": "15,28", "391,204": "16,28", "374,204": "16,28", "448,223": "16,27", "457,235": "3,16", "345,200": "27,17", "359,209": "15,27", "342,190": "16,28", "338,194": "16,28", "358,221": "16,28", "377,215": "0,29", "375,222": "15,27", "390,222": "16,27", "403,223": "15,28", "368,203": "16,27", "454,224": "16,28", "467,219": "15,27", "479,227": "29,17", "364,203": "16,27", "363,193": "15,27", "354,221": "16,28", "379,222": "15,27", "412,202": "16,28", "381,203": "16,27", "420,217": "16,27", "422,220": "16,28", "423,208": "15,28", "458,224": "16,28", "475,227": "29,17", "476,238": "4,17", "362,204": "16,28", "365,194": "15,28", "409,224": "15,27", "387,204": "16,28", "335,203": "15,28", "414,205": "16,27", "424,227": "16,27", "439,206": "26,17", "471,217": "0,29", "489,236": "3,29", "343,207": "15,27", "339,203": "15,27", "344,197": "16,27", "407,213": "26,18", "373,225": "15,28", "396,225": "16,28", "405,224": "15,27", "418,205": "16,27", "450,214": "15,27", "452,223": "16,27", "460,236": "3,29", "485,236": "3,29", "366,211": "46,17", "379,207": "29,17", "410,210": "15,28", "335,199": "15,28", "364,226": "16,27", "422,205": "16,27", "445,220": "0,29", "468,223": "16,27", "459,229": "3,29", "339,199": "15,27", "358,204": "26,17", "400,219": "0,29", "375,207": "29,17", "390,207": "15,27", "368,226": "16,27", "449,220": "0,29", "433,224": "15,28", "359,193": "15,27", "343,222": "15,27", "405,201": "15,27", "372,228": "16,27", "418,220": "16,28", "419,208": "15,28", "451,219": "16,28", "435,223": "15,27", "501,217": "8,31", "364,199": "16,27", "363,209": "15,27", "337,211": "15,28", "386,209": "29,17", "387,221": "15,28", "409,201": "15,27", "414,220": "16,28", "415,208": "15,28", "416,217": "16,27", "424,202": "16,28", "439,223": "15,27", "510,236": "3,29", "364,197": "16,27", "363,207": "15,27", "386,207": "15,27", "415,206": "15,28", "416,219": "16,27", "425,224": "15,28", "472,223": "16,27", "513,227": "16,24", "342,204": "16,28", "345,194": "27,17", "338,200": "16,27", "372,226": "16,27", "419,206": "15,28", "451,217": "16,28", "453,220": "16,27", "429,224": "15,28", "501,219": "26,17", "344,203": "16,27", "339,197": "15,27", "343,193": "15,27", "359,222": "15,27", "390,209": "29,17", "374,221": "16,28", "391,221": "15,28", "402,220": "16,27", "368,228": "16,27", "506,236": "3,29", "365,200": "15,28", "362,190": "16,28", "355,222": "15,27", "378,221": "16,28", "335,197": "15,28", "364,228": "16,27", "413,201": "15,27", "421,214": "15,28", "423,223": "15,27", "459,227": "8,31", "344,209": "16,27", "343,199": "15,27", "358,200": "26,17", "340,186": "16,28", "345,221": "15,28", "359,228": "15,27", "368,222": "23,31", "403,202": "15,28", "390,203": "15,27", "375,203": "15,27", "433,220": "0,29", "449,224": "15,28", "481,227": "29,17", "467,238": "3,17", "482,238": "3,17", "361,185": "15,27", "349,221": "15,28", "364,222": "23,31", "381,222": "15,27", "410,214": "15,28", "412,223": "16,28", "379,203": "15,27", "422,201": "16,27", "423,229": "15,27", "445,224": "15,28", "468,227": "29,17", "351,218": "11,30", "337,215": "15,28", "409,205": "8,31", "362,225": "16,28", "387,225": "15,28", "335,222": "15,27", "414,224": "16,28", "416,213": "16,27", "424,206": "16,28", "427,219": "27,19", "443,223": "15,27", "471,236": "3,29", "494,236": "3,29", "359,197": "15,27", "341,211": "46,17", "405,205": "29,17", "396,204": "16,28", "373,204": "15,28", "339,222": "15,27", "418,224": "16,28", "498,236": "3,29", "342,200": "16,28", "359,199": "15,27", "345,190": "27,17", "338,204": "16,27", "372,222": "16,27", "397,222": "15,27", "404,223": "16,28", "419,202": "15,28", "429,220": "0,29", "451,213": "0,29", "453,224": "15,28", "363,203": "15,27", "364,193": "16,27", "353,221": "15,28", "408,223": "16,28", "386,203": "15,27", "415,202": "15,28", "424,208": "16,28", "425,220": "0,29", "427,217": "27,18", "472,227": "29,17", "471,238": "3,17", "365,204": "15,28", "362,194": "16,28", "378,225": "16,28", "380,204": "16,28", "413,205": "15,27", "421,210": "15,28", "423,227": "15,27", "459,223": "26,17", "344,207": "16,27", "343,197": "15,27", "347,218": "8,31", "339,193": "15,27", "340,188": "16,28", "359,226": "15,27", "374,225": "16,28", "391,225": "15,28", "402,224": "16,27", "369,204": "15,28", "455,223": "15,27", "467,236": "3,29", "482,236": "3,29", "519,224": "3,29", "361,211": "46,17", "335,209": "15,28", "336,216": "16,27", "363,226": "15,27", "415,227": "15,27", "417,210": "15,28", "442,220": "0,29", "438,224": "16,28", "339,209": "15,27", "358,194": "26,17", "338,221": "16,28", "372,207": "29,17", "407,219": "16,28", "419,227": "15,27", "434,224": "16,28", "486,223": "26,17", "359,203": "15,27", "341,185": "15,27", "344,222": "16,27", "402,201": "16,27", "375,228": "15,27", "432,223": "16,27", "456,219": "15,27", "457,231": "3,16", "506,217": "0,29", "363,199": "15,27", "364,209": "16,27", "360,186": "16,28", "348,222": "16,27", "381,209": "8,31", "380,221": "16,28", "411,217": "16,27", "412,208": "16,28", "379,228": "15,27", "413,220": "15,28", "423,202": "15,28", "469,224": "15,28", "517,236": "3,29", "363,197": "15,27", "364,207": "16,27", "360,188": "16,28", "381,207": "8,31", "412,206": "16,28", "411,219": "16,28", "379,226": "15,27", "420,213": "16,27", "422,224": "16,28", "458,220": "15,28", "345,204": "27,17", "342,194": "16,28", "338,190": "16,28", "358,225": "16,28", "368,207": "29,17", "375,226": "15,27", "454,220": "15,28", "506,219": "26,19", "343,203": "15,27", "339,207": "15,27", "344,193": "16,27", "373,221": "15,28", "396,221": "16,28", "407,217": "16,27", "405,220": "15,27", "418,201": "16,27", "419,229": "15,27", "428,223": "16,27", "501,236": "3,29", "362,200": "16,28", "365,190": "15,28", "352,222": "16,27", "409,220": "15,27", "335,207": "15,28", "336,218": "16,27", "363,228": "15,27", "414,201": "16,27", "415,229": "15,27", "424,223": "16,27", "471,213": "0,29", "512,220": "26,17", "510,217": "0,29", "341,209": "15,27", "345,186": "27,17", "338,212": "16,27", "340,221": "16,28", "388,222": "16,27", "395,203": "15,27", "406,202": "16,28", "370,203": "16,27", "419,214": "15,28", "436,220": "0,29", "484,227": "29,17", "462,238": "4,17", "364,185": "16,27", "361,222": "0,29", "384,222": "16,27", "399,203": "15,27", "415,214": "15,28", "417,223": "15,27", "440,224": "16,28", "354,218": "8,31", "367,225": "15,28", "382,225": "16,28", "411,224": "15,27", "413,213": "15,27", "421,206": "15,28", "422,219": "16,27", "446,223": "16,27", "459,235": "3,29", "474,236": "3,29", "491,236": "3,29", "339,185": "15,27", "344,211": "46,17", "400,205": "29,17", "393,204": "15,28", "376,204": "16,28", "467,220": "15,28", "519,232": "3,29", "340,190": "16,28", "375,215": "0,29", "377,222": "15,27", "392,222": "16,27", "401,223": "15,28", "454,213": "0,29", "456,224": "16,28", "478,238": "23,31", "366,203": "16,27", "361,193": "15,27", "356,221": "16,28", "410,202": "16,28", "383,203": "16,27", "420,220": "16,28", "421,208": "15,28", "422,217": "16,27", "469,219": "15,27", "477,227": "29,17", "474,238": "4,17", "360,204": "16,28", "337,203": "15,28", "409,213": "0,29", "398,225": "16,28", "385,204": "16,28", "416,205": "16,27", "424,210": "16,28", "471,220": "15,28", "341,207": "15,27", "345,188": "27,17", "371,225": "15,28", "394,225": "16,28", "407,224": "15,27", "389,204": "16,28", "452,214": "15,27", "450,223": "16,27", "462,236": "3,29", "487,236": "3,29", "364,211": "46,17", "337,199": "15,28", "412,210": "16,28", "366,226": "16,27", "420,205": "16,27", "447,220": "0,29", "458,236": "4,17", "402,219": "0,29", "377,207": "29,17", "392,207": "16,27", "449,217": "0,29", "431,224": "15,28", "466,223": "26,17", "457,229": "3,16", "344,185": "16,27", "341,222": "15,27", "339,211": "46,16", "388,209": "29,17", "389,221": "15,28", "407,201": "15,27", "370,228": "16,27", "418,217": "16,27", "453,219": "16,28", "437,223": "15,27", "501,220": "26,17", "503,217": "0,29", "366,199": "16,27", "361,209": "15,27", "365,186": "15,28", "360,221": "16,28", "387,216": "27,18", "384,209": "29,17", "385,221": "15,28", "335,211": "15,28", "414,217": "16,27", "416,220": "16,28", "417,208": "15,28", "471,205": "0,29", "512,236": "3,29", "366,197": "16,27", "361,207": "15,27", "365,188": "15,28", "387,218": "27,19", "384,207": "15,27", "336,200": "16,27", "414,219": "16,27", "417,206": "15,28", "425,213": "0,29", "427,224": "15,28", "470,223": "16,27", "340,204": "16,28", "388,207": "15,27", "370,226": "16,27", "418,219": "16,27", "453,217": "16,28", "451,220": "16,27", "341,193": "15,27", "392,209": "29,17", "376,221": "16,28", "393,221": "15,28", "400,220": "16,27", "449,219": "0,29", "457,227": "3,16", "504,236": "3,29", "360,190": "16,28", "357,222": "15,27", "411,201": "15,27", "366,228": "16,27", "421,223": "15,27", "423,214": "15,28", "458,238": "4,17", "508,236": "3,29", "341,199": "15,27", "342,186": "16,28", "347,221": "15,28", "401,202": "15,28", "377,203": "15,27", "392,203": "16,27", "431,220": "0,29", "449,213": "0,29", "466,227": "8,31", "483,227": "29,17", "480,238": "23,31", "465,238": "3,17", "363,185": "15,27", "357,228": "15,27", "366,222": "23,31", "383,222": "15,27", "410,223": "16,28", "412,214": "16,28", "420,201": "16,27", "421,229": "15,27", "447,224": "15,28", "458,232": "4,17", "469,238": "3,17", "353,218": "8,31", "360,225": "16,28", "385,225": "15,28", "398,204": "16,28", "337,222": "15,27", "335,215": "15,28", "414,213": "16,27", "416,224": "16,28", "425,219": "0,29", "441,223": "15,27", "473,236": "3,29", "496,236": "3,29", "358,188": "26,17", "343,211": "46,17", "339,215": "46,17", "407,205": "29,17", "389,225": "15,28", "394,204": "16,28", "371,204": "15,28", "418,213": "16,27", "340,200": "16,28", "358,186": "26,17", "370,222": "0,29", "395,222": "15,27", "406,223": "16,28", "388,203": "15,27", "453,213": "0,29", "451,224": "15,28", "361,203": "15,27", "366,193": "16,27", "351,221": "15,28", "408,214": "27,19", "399,222": "15,27", "384,203": "15,27", "336,204": "16,27", "417,202": "15,28", "425,217": "0,29", "427,220": "0,29", "470,227": "29,17", "473,238": "3,17", "349,218": "8,31", "360,194": "16,28", "337,193": "15,27", "357,226": "15,27", "411,205": "16,27", "382,204": "15,28", "367,204": "15,28", "421,227": "15,27", "423,210": "15,28", "469,236": "3,29", "341,197": "15,27", "342,188": "16,28", "359,211": "46,17", "376,225": "16,28", "393,225": "15,28", "400,224": "16,27", "457,223": "15,27", "465,236": "3,29", "363,211": "46,17", "337,209": "15,28", "336,221": "16,28", "409,219": "16,28", "361,226": "15,27", "415,210": "15,28", "417,227": "15,27", "440,220": "0,29", "512,219": "26,17", "338,216": "16,27", "396,218": "0,29", "370,207": "29,17", "405,219": "16,28", "419,210": "15,28", "436,224": "16,28", "343,185": "15,27", "346,222": "16,27", "400,201": "16,27", "377,228": "15,27", "430,223": "16,27", "454,219": "15,27", "467,224": "15,28", "519,236": "3,29", "504,217": "0,29", "506,220": "26,19", "361,199": "15,27", "366,209": "16,27", "362,186": "16,28", "383,209": "29,17", "382,221": "16,28", "410,208": "15,28", "411,220": "15,27", "413,217": "15,27", "421,202": "15,28", "458,219": "15,27", "459,231": "3,29", "515,236": "3,29", "508,217": "0,29", "361,197": "15,27", "366,207": "16,27", "362,188": "16,28", "410,206": "15,28", "383,207": "16,27", "413,219": "15,27", "420,224": "16,28", "422,213": "16,27", "340,194": "16,28", "377,226": "15,27", "454,217": "0,29", "456,220": "15,28", "341,203": "15,27", "359,185": "15,27", "338,218": "16,27", "396,216": "0,29", "371,221": "15,28", "394,221": "16,28", "405,217": "16,27", "407,220": "15,27", "503,236": "3,29", "360,200": "16,28", "337,207": "15,28", "350,222": "16,27", "398,221": "16,28", "409,217": "16,27", "361,228": "15,27", "416,201": "16,27", "417,229": "15,27", "424,214": "16,28", "426,223": "16,27", "471,224": "15,28", "512,217": "8,31", "361,205": "15,27", "366,195": "16,27", "399,224": "15,27", "384,205": "15,27", "336,202": "16,27", "417,204": "15,28", "425,211": "0,29", "427,226": "15,28", "471,209": "0,29", "470,221": "16,27", "477,240": "3,17", "340,206": "16,28", "344,189": "16,27", "343,219": "46,17", "370,224": "16,27", "395,224": "15,27", "406,225": "16,28", "388,205": "15,27", "453,215": "16,28", "451,222": "15,27", "463,237": "3,16", "341,191": "15,27", "376,223": "16,28", "393,223": "15,28", "400,222": "16,27", "457,225": "15,27", "479,239": "3,16", "360,192": "16,28", "337,195": "15,27", "357,220": "15,27", "411,203": "15,27", "382,202": "15,28", "367,202": "15,28", "420,209": "16,27", "421,221": "15,27", "423,216": "15,28", "446,204": "29,17", "468,218": "0,29", "475,239": "3,16", "517,222": "29,17", "355,219": "46,17", "366,224": "16,27", "383,224": "15,27", "410,225": "16,28", "412,212": "16,28", "420,207": "16,27", "422,230": "16,28", "423,218": "15,28", "447,222": "15,28", "458,234": "4,17", "475,237": "3,16", "345,210": "27,17", "359,219": "46,17", "401,204": "15,28", "377,205": "15,27", "392,205": "16,27", "449,215": "0,29", "431,226": "15,28", "466,221": "26,17", "479,237": "23,31", "484,240": "4,17", "340,208": "16,28", "344,187": "16,27", "341,220": "15,27", "339,213": "46,17", "389,223": "15,28", "407,203": "15,27", "394,202": "16,28", "371,202": "15,28", "418,215": "16,27", "437,221": "15,27", "436,209": "29,17", "450,204": "29,17", "501,222": "8,31", "360,223": "16,28", "385,223": "15,28", "398,202": "16,28", "335,213": "15,28", "414,215": "16,27", "416,222": "16,28", "441,225": "15,27", "471,207": "0,29", "340,192": "16,28", "339,189": "15,27", "403,216": "0,29", "393,208": "26,17", "377,220": "15,27", "392,220": "16,27", "401,221": "15,28", "456,226": "16,28", "466,204": "29,17", "366,201": "16,27", "361,191": "15,27", "356,223": "16,28", "383,201": "16,27", "336,196": "16,27", "367,229": "15,28", "420,222": "16,28", "422,215": "16,27", "360,206": "16,28", "364,189": "16,27", "337,201": "15,28", "363,219": "34,10", "386,219": "0,29", "409,211": "0,29", "385,206": "16,28", "416,207": "16,27", "415,218": "15,28", "424,212": "16,28", "426,225": "16,27", "471,222": "15,28", "494,222": "29,17", "341,205": "15,27", "389,206": "16,28", "371,227": "15,28", "418,230": "16,28", "419,218": "15,28", "452,216": "15,27", "450,221": "15,28", "498,222": "29,17", "338,210": "16,27", "388,220": "16,27", "395,201": "15,27", "389,208": "16,28", "370,201": "16,27", "340,223": "16,28", "371,229": "15,28", "419,216": "15,28", "452,218": "15,27", "436,222": "16,28", "360,208": "16,28", "364,187": "16,27", "361,220": "0,29", "386,217": "26,19", "384,220": "16,27", "399,201": "15,27", "385,208": "16,28", "416,209": "16,27", "415,216": "15,28", "417,221": "15,27", "440,226": "16,28", "470,204": "29,17", "497,233": "3,29", "365,210": "15,28", "379,219": "0,29", "336,198": "16,27", "367,227": "15,28", "413,211": "15,27", "421,204": "15,28", "446,221": "16,27", "459,237": "3,16", "339,187": "15,27", "375,219": "0,29", "390,219": "0,29", "403,218": "0,29", "393,206": "26,17", "376,206": "16,28", "430,225": "16,27", "467,222": "15,28", "519,230": "3,29", "366,205": "16,27", "361,195": "15,27", "348,219": "46,17", "379,213": "0,29", "410,204": "16,28", "383,205": "16,27", "420,226": "16,28", "422,211": "16,27", "468,237": "4,16", "358,210": "26,17", "340,196": "16,28", "343,189": "15,27", "344,219": "46,17", "375,213": "0,29", "377,224": "15,27", "392,224": "16,27", "401,225": "15,28", "454,215": "0,29", "456,222": "15,28", "481,237": "23,31", "464,237": "4,16", "341,201": "15,27", "359,187": "15,27", "371,223": "15,28", "394,223": "16,28", "407,222": "15,27", "389,202": "16,28", "450,225": "16,27", "360,202": "16,28", "337,205": "15,28", "350,220": "16,27", "409,215": "0,29", "398,223": "16,28", "385,202": "16,28", "416,203": "16,27", "424,216": "16,28", "426,221": "16,27", "427,209": "29,17", "441,204": "29,17", "471,226": "15,28", "352,219": "46,17", "399,205": "29,17", "361,224": "15,27", "384,224": "16,27", "336,223": "16,28", "415,212": "15,28", "417,225": "15,27", "424,218": "16,28", "440,222": "16,28", "472,237": "4,16", "342,210": "16,28", "359,189": "15,27", "338,214": "16,27", "395,205": "29,17", "388,224": "16,27", "406,204": "16,28", "370,205": "16,27", "419,212": "15,28", "436,226": "16,28", "483,240": "3,17", "340,198": "16,28", "343,187": "15,27", "346,220": "16,27", "400,203": "16,27", "393,202": "15,28", "376,202": "16,28", "430,221": "16,27", "431,209": "29,17", "457,204": "29,17", "467,226": "15,28", "481,239": "3,16", "519,234": "3,29", "367,223": "0,29", "382,223": "16,28", "411,222": "15,27", "413,215": "15,27", "420,228": "16,28", "446,225": "16,27", "459,233": "3,29", "340,202": "16,28", "339,219": "46,16", "370,220": "0,29", "404,216": "0,29", "395,220": "15,27", "406,221": "16,28", "388,201": "15,27", "451,226": "15,28", "461,204": "29,17", "361,201": "15,27", "366,191": "16,27", "351,223": "15,28", "360,229": "16,28", "408,216": "0,29", "399,220": "15,27", "384,201": "15,27", "336,206": "16,27", "335,219": "15,28", "416,228": "16,28", "425,215": "0,29", "427,222": "15,28", "470,225": "16,27", "360,196": "16,28", "363,189": "15,27", "337,191": "15,27", "357,224": "15,27", "364,219": "34,10", "381,219": "0,29", "411,207": "16,27", "382,206": "15,28", "367,206": "15,28", "412,218": "16,28", "421,225": "15,27", "423,212": "15,28", "493,222": "29,17", "341,195": "15,27", "368,219": "34,10", "376,227": "16,28", "457,221": "16,27", "347,223": "15,28", "377,201": "15,27", "392,201": "16,27", "376,229": "16,28", "455,218": "0,29", "431,222": "15,28", "466,225": "26,17", "507,221": "27,18", "360,198": "16,28", "363,187": "15,27", "366,220": "34,11", "367,208": "46,17", "383,220": "15,27", "410,221": "16,28", "411,209": "16,27", "382,208": "15,28", "412,216": "16,28", "420,203": "16,27", "447,226": "15,28", "459,218": "8,31", "458,230": "4,17", "362,210": "16,28", "337,220": "15,27", "360,227": "16,28", "408,218": "15,28", "336,208": "16,27", "335,217": "15,28", "414,211": "16,27", "416,226": "16,28", "441,221": "15,27", "489,222": "29,17", "339,217": "46,17", "372,219": "0,29", "397,219": "0,29", "404,218": "15,28", "371,206": "15,28", "418,211": "16,27", "437,225": "15,27", "342,199": "16,27", "345,209": "27,17", "359,200": "15,28", "341,186": "15,28", "344,221": "16,28", "358,228": "16,27", "369,222": "23,31", "402,202": "16,28", "391,203": "16,27", "374,203": "16,27", "432,220": "0,29", "448,224": "16,28", "480,227": "29,17", "457,232": "3,17", "466,238": "4,17", "483,238": "4,17", "360,185": "16,27", "348,221": "16,28", "365,222": "23,31", "380,222": "16,27", "411,214": "16,28", "378,203": "16,27", "413,223": "15,27", "422,229": "16,27", "423,201": "15,27", "444,224": "16,28", "469,227": "29,17", "350,218": "8,31", "408,205": "29,17", "363,225": "15,28", "386,225": "16,28", "336,215": "16,28", "415,224": "15,28", "417,213": "15,27", "426,219": "26,19", "442,223": "16,27", "470,236": "3,29", "495,236": "3,29", "358,197": "26,17", "340,211": "46,17", "404,205": "29,17", "397,204": "15,28", "372,204": "16,28", "338,222": "16,27", "419,224": "15,28", "499,236": "3,29", "339,204": "15,28", "343,200": "15,28", "358,199": "26,17", "344,190": "16,28", "373,222": "15,27", "396,222": "16,27", "405,223": "15,28", "418,202": "16,28", "407,214": "26,19", "428,220": "0,29", "450,213": "0,29", "452,224": "16,28", "362,203": "16,27", "365,193": "15,27", "352,221": "16,28", "409,223": "15,28", "387,203": "16,27", "335,204": "15,27", "414,202": "16,28", "424,220": "16,28", "426,217": "26,18", "471,210": "0,29", "473,227": "29,17", "470,238": "4,17", "364,204": "16,28", "363,194": "15,28", "379,225": "15,28", "381,204": "16,28", "412,205": "16,27", "420,210": "16,28", "422,227": "16,27", "458,223": "16,28", "342,197": "16,27", "345,207": "27,17", "341,188": "15,28", "338,193": "16,27", "358,226": "16,27", "375,225": "15,28", "390,225": "16,28", "403,224": "15,27", "368,204": "16,28", "454,223": "16,27", "466,236": "3,29", "483,236": "3,29", "360,211": "46,17", "337,216": "15,27", "409,206": "0,29", "335,221": "15,28", "362,226": "16,27", "416,210": "16,28", "424,205": "16,27", "443,220": "0,29", "439,224": "15,28", "359,194": "15,28", "338,209": "16,28", "339,221": "15,28", "373,207": "29,17", "406,219": "15,28", "418,227": "16,27", "435,224": "15,28", "358,203": "26,17", "340,185": "16,27", "345,222": "15,27", "403,201": "15,27", "374,228": "16,27", "433,223": "15,27", "457,219": "16,27", "519,229": "3,29", "507,217": "0,29", "362,199": "16,27", "365,209": "15,27", "361,186": "15,28", "349,222": "15,27", "381,221": "15,28", "410,217": "15,27", "412,220": "16,27", "378,228": "16,27", "413,208": "15,28", "422,202": "16,28", "468,224": "16,28", "516,236": "3,29", "362,197": "16,27", "365,207": "15,27", "361,188": "15,28", "380,207": "29,17", "410,219": "15,28", "378,226": "16,27", "413,206": "15,28", "421,213": "15,27", "423,224": "15,28", "459,220": "26,17", "344,204": "16,28", "339,190": "15,28", "343,194": "15,28", "359,225": "15,28", "369,207": "29,17", "374,226": "16,27", "455,220": "16,28", "519,227": "3,29", "507,219": "27,19", "342,203": "16,27", "345,193": "27,17", "338,207": "16,28", "395,216": "0,29", "372,221": "16,28", "397,221": "15,28", "404,220": "16,27", "406,217": "15,27", "418,229": "16,27", "419,201": "15,27", "429,223": "15,27", "500,236": "3,29", "363,200": "15,28", "364,190": "16,28", "337,218": "15,27", "353,222": "15,27", "409,208": "0,29", "408,220": "16,27", "362,228": "16,27", "415,201": "15,27", "425,223": "15,27", "472,224": "16,28", "511,217": "0,29", "342,209": "16,27", "345,199": "27,17", "359,190": "15,28", "343,221": "15,28", "396,203": "16,27", "405,202": "15,28", "373,203": "15,27", "418,223": "16,27", "435,220": "0,29", "461,238": "3,17", "484,238": "3,17", "337,212": "15,27", "362,222": "23,31", "387,222": "15,27", "409,202": "15,28", "414,223": "16,27", "416,214": "16,28", "424,201": "16,27", "439,220": "0,29", "443,224": "15,28", "470,219": "16,27", "364,225": "16,28", "381,225": "15,28", "410,213": "15,27", "412,224": "16,27", "379,204": "15,28", "422,206": "16,28", "421,219": "15,27", "445,223": "15,27", "468,220": "16,28", "492,236": "3,29", "358,207": "26,17", "403,205": "29,17", "368,225": "16,28", "390,204": "15,28", "375,204": "15,28", "449,223": "15,27", "344,200": "16,28", "358,209": "26,17", "339,194": "15,28", "343,190": "15,28", "359,221": "15,28", "376,215": "0,29", "374,222": "16,27", "391,222": "15,27", "402,223": "16,28", "369,203": "15,27", "455,224": "15,28", "466,219": "26,17", "478,227": "29,17", "519,223": "3,29", "365,203": "15,27", "362,193": "16,27", "355,221": "15,28", "378,222": "16,27", "380,203": "16,27", "413,202": "15,28", "422,208": "16,28", "421,217": "15,27", "423,220": "15,28", "459,224": "26,17", "474,227": "29,17", "477,238": "23,31", "363,204": "15,28", "364,194": "16,28", "408,224": "16,27", "386,204": "15,28", "415,205": "15,27", "472,220": "16,28", "488,236": "3,29", "342,207": "16,27", "345,197": "27,17", "338,203": "16,28", "372,225": "16,28", "397,225": "15,28", "404,224": "16,27", "419,205": "15,27", "451,214": "16,27", "453,223": "15,27", "461,236": "3,29", "484,236": "3,29", "367,211": "8,31", "378,207": "29,17", "411,210": "16,28", "365,226": "15,27", "380,226": "16,27", "423,205": "15,27", "444,220": "0,29", "469,223": "15,27", "458,229": "4,16", "359,204": "15,28", "338,199": "16,28", "401,219": "0,29", "374,207": "29,17", "391,207": "16,27", "369,226": "15,27", "448,220": "0,29", "432,224": "16,28", "457,236": "3,17", "358,193": "26,17", "342,222": "16,27", "404,201": "16,27", "373,228": "15,27", "418,208": "16,28", "419,220": "15,28", "450,219": "15,28", "434,223": "16,27", "486,224": "26,17", "365,199": "15,27", "362,209": "16,27", "366,186": "16,28", "387,209": "29,17", "386,221": "16,28", "408,201": "16,27", "336,211": "16,28", "414,208": "16,28", "415,220": "15,28", "417,217": "15,27", "438,223": "16,27", "511,236": "3,29", "365,197": "15,27", "362,207": "16,27", "366,188": "16,28", "387,207": "16,27", "335,200": "15,27", "414,206": "16,28", "417,219": "15,27", "424,224": "16,28", "439,205": "26,17", "471,214": "0,29", "343,204": "15,28", "339,200": "15,28", "344,194": "16,28", "373,226": "15,27", "418,206": "16,28", "450,217": "15,28", "452,220": "15,27", "428,224": "16,28", "345,203": "27,17", "342,193": "16,27", "358,222": "16,27", "391,209": "29,17", "375,221": "15,28", "390,221": "16,28", "403,220": "15,27", "369,228": "15,27", "457,238": "3,17", "507,236": "3,29", "364,200": "16,28", "363,190": "15,28", "354,222": "16,27", "379,221": "15,28", "412,201": "16,27", "365,228": "15,27", "380,228": "16,27", "420,214": "16,28", "422,223": "16,27", "458,227": "4,16", "365,205": "15,27", "362,195": "16,27", "378,224": "16,27", "380,205": "16,27", "413,204": "15,28", "421,211": "15,27", "423,226": "15,28", "459,222": "26,17", "473,240": "3,17", "344,206": "16,28", "339,192": "15,28", "340,189": "16,27", "343,196": "15,28", "347,219": "46,17", "359,227": "15,28", "376,213": "0,29", "374,224": "16,27", "391,224": "15,27", "402,225": "16,28", "369,205": "15,27", "455,222": "16,28", "467,237": "3,16", "482,237": "3,16", "519,225": "3,29", "342,201": "16,27", "359,198": "15,28", "345,191": "27,17", "338,205": "16,28", "372,223": "16,28", "397,223": "15,28", "404,222": "16,27", "419,203": "15,27", "429,221": "15,27", "453,225": "15,27", "428,209": "29,17", "363,202": "15,28", "364,192": "16,28", "353,220": "15,27", "408,222": "16,27", "386,202": "15,28", "415,203": "15,27", "424,209": "16,27", "425,221": "15,27", "442,204": "29,17", "472,226": "16,28", "513,222": "29,17", "337,214": "15,27", "351,219": "46,17", "362,224": "16,27", "387,224": "15,27", "409,204": "15,28", "335,223": "15,28", "414,225": "16,27", "416,212": "16,28", "424,207": "16,27", "427,218": "27,19", "443,222": "15,28", "439,226": "15,28", "471,237": "3,16", "497,228": "16,24", "341,210": "15,28", "359,196": "15,28", "396,205": "29,17", "405,204": "15,28", "373,205": "15,27", "339,223": "15,28", "418,225": "16,27", "435,226": "15,28", "480,240": "4,17", "344,208": "16,28", "343,198": "15,28", "358,201": "26,17", "340,187": "16,27", "345,220": "15,27", "359,229": "15,28", "368,223": "0,29", "403,203": "15,27", "390,202": "15,28", "375,202": "15,28", "433,221": "15,27", "449,225": "15,27", "432,209": "29,17", "454,204": "29,17", "482,239": "4,16", "349,220": "15,27", "364,223": "0,29", "381,223": "15,28", "410,215": "15,27", "412,222": "16,27", "379,202": "15,28", "423,228": "15,28", "445,225": "15,27", "458,204": "29,17", "468,226": "16,28", "343,202": "15,28", "339,206": "15,28", "344,192": "16,28", "407,216": "0,29", "373,220": "15,27", "396,220": "16,27", "405,221": "15,28", "419,228": "15,28", "428,222": "16,28", "452,226": "16,28", "462,204": "29,17", "362,201": "16,27", "365,191": "15,27", "352,223": "16,28", "409,221": "15,28", "387,201": "16,27", "335,206": "15,27", "336,219": "16,28", "363,229": "15,28", "415,228": "15,28", "424,222": "16,28", "471,212": "0,29", "512,221": "26,17", "364,206": "16,28", "360,189": "16,27", "363,196": "15,28", "382,219": "0,29", "367,219": "34,10", "411,218": "16,28", "381,206": "16,28", "412,207": "16,27", "379,227": "15,28", "420,212": "16,28", "422,225": "16,27", "490,222": "29,17", "458,221": "16,28", "345,205": "27,17", "342,195": "16,27", "338,191": "16,27", "358,224": "16,27", "368,206": "16,28", "375,227": "15,28", "454,221": "15,27", "506,218": "26,19", "359,202": "15,28", "344,223": "16,28", "369,220": "34,11", "391,201": "16,27", "374,201": "16,27", "375,229": "15,28", "456,218": "0,29", "432,222": "16,28", "448,226": "16,28", "457,230": "3,17", "363,198": "15,28", "364,208": "16,28", "360,187": "16,27", "348,223": "16,28", "365,220": "34,11", "381,208": "26,17", "380,220": "16,27", "411,216": "16,28", "378,201": "16,27", "412,209": "16,27", "379,229": "15,28", "413,221": "15,27", "423,203": "15,27", "444,226": "16,28", "469,225": "15,27", "361,210": "15,28", "398,219": "0,29", "335,208": "15,27", "336,217": "16,28", "363,227": "15,28", "415,226": "15,28", "417,211": "15,27", "442,221": "16,27", "438,225": "16,27", "339,208": "15,28", "358,195": "26,17", "338,220": "16,27", "371,219": "0,29", "394,219": "0,29", "407,218": "16,28", "372,206": "16,28", "419,226": "15,28", "434,225": "16,27", "486,222": "8,31", "362,205": "16,27", "365,195": "15,27", "409,225": "15,28", "387,205": "16,27", "335,202": "15,27", "414,204": "16,28", "424,226": "16,28", "439,207": "26,17", "471,216": "0,29", "474,240": "4,17", "343,206": "15,28", "339,202": "15,28", "344,196": "16,28", "340,219": "46,17", "373,224": "15,27", "396,224": "16,27", "405,225": "15,28", "418,204": "16,28", "450,215": "15,28", "452,222": "16,27", "428,226": "16,28", "460,237": "4,16", "478,240": "4,17", "485,237": "4,16", "345,201": "27,17", "359,208": "15,28", "342,191": "16,27", "338,195": "16,27", "358,220": "16,27", "375,223": "15,28", "390,223": "16,28", "403,222": "15,27", "368,202": "16,28", "454,225": "16,27", "449,204": "29,17", "467,218": "0,29", "518,222": "29,17", "364,202": "16,28", "363,192": "15,28", "354,220": "16,27", "379,223": "15,28", "412,203": "16,27", "381,202": "16,28", "420,216": "16,28", "422,221": "16,27", "423,209": "15,27", "458,225": "16,27", "445,204": "29,17", "476,239": "4,16", "514,222": "29,17", "356,219": "46,17", "365,224": "15,27", "380,224": "16,27", "411,212": "16,28", "378,205": "16,27", "413,225": "15,27", "420,218": "16,28", "421,230": "15,28", "423,207": "15,27", "444,222": "16,28", "469,221": "15,27", "476,237": "4,16", "359,206": "15,28", "369,224": "15,27", "402,204": "16,28", "391,205": "16,27", "374,205": "16,27", "448,222": "16,28", "432,226": "16,28", "457,234": "3,17", "343,208": "15,28", "344,198": "16,28", "358,191": "26,17", "342,220": "16,27", "404,203": "16,27", "397,202": "15,28", "372,202": "16,28", "419,222": "15,28", "434,221": "16,27", "435,209": "29,17", "453,204": "29,17", "486,226": "26,17", "363,223": "0,29", "386,223": "16,28", "408,203": "16,27", "336,213": "16,28", "415,222": "15,28", "417,215": "15,27", "424,228": "16,28", "438,221": "16,27", "442,225": "16,27", "439,209": "8,31", "471,218": "0,29", "344,202": "16,28", "339,196": "15,28", "343,192": "15,28", "359,223": "15,28", "374,220": "16,27", "391,220": "15,27", "402,221": "16,28", "390,208": "15,28", "369,201": "15,27", "368,229": "16,28", "455,226": "15,28", "465,204": "29,17", "365,201": "15,27", "362,191": "16,27", "355,223": "15,28", "378,220": "16,27", "380,201": "16,27", "335,196": "15,27", "364,229": "16,28", "421,215": "15,27", "423,222": "15,28", "469,204": "29,17", "459,226": "26,17", "363,206": "15,28", "364,196": "16,28", "360,219": "46,17", "385,219": "0,29", "386,206": "15,28", "415,207": "15,27", "416,218": "16,28", "417,230": "15,28", "425,225": "15,27", "472,222": "16,28", "497,222": "29,17", "342,205": "16,27", "345,195": "27,17", "338,201": "16,28", "389,219": "0,29", "372,227": "16,28", "419,207": "15,27", "451,216": "16,27", "453,221": "16,28", "429,225": "15,27", "501,218": "26,17", "359,192": "15,28", "343,223": "15,28", "396,201": "16,27", "373,201": "15,27", "372,229": "16,28", "418,221": "16,27", "419,209": "15,27", "451,218": "16,27", "435,222": "15,28", "498,233": "3,29", "364,198": "16,28", "363,208": "15,28", "337,210": "15,27", "362,220": "34,11", "387,220": "15,27", "386,208": "15,28", "414,221": "16,27", "415,209": "15,27", "416,216": "16,28", "424,203": "16,27", "439,222": "15,28", "443,226": "15,28", "366,210": "16,28", "410,211": "15,27", "379,206": "15,28", "335,198": "15,27", "364,227": "16,28", "422,204": "16,28", "445,221": "15,27", "468,222": "16,28", "459,228": "3,29", "339,198": "15,28", "358,205": "26,17", "376,219": "0,29", "393,219": "0,29", "390,206": "15,28", "375,206": "15,28", "368,227": "16,28", "449,221": "15,27", "433,225": "15,27", "360,195": "16,27", "337,192": "15,28", "349,219": "46,17", "357,227": "15,28", "378,213": "0,29", "411,204": "15,28", "382,205": "15,27", "367,205": "15,27", "421,226": "15,28", "423,211": "15,27", "469,237": "3,16", "359,210": "15,28", "342,189": "16,27", "341,196": "15,28", "345,219": "46,17", "374,213": "0,29", "376,224": "16,27", "393,224": "15,27", "400,225": "16,28", "457,222": "16,28", "480,237": "23,31", "465,237": "3,16", "340,201": "16,27", "358,187": "26,17", "370,223": "0,29", "395,223": "15,28", "406,222": "16,27", "388,202": "15,28", "451,225": "15,27", "361,202": "15,28", "366,192": "16,28", "351,220": "15,27", "399,223": "15,28", "384,202": "15,28", "336,205": "16,28", "417,203": "15,27", "408,215": "27,19", "425,216": "0,29", "427,221": "15,27", "426,209": "29,17", "440,204": "29,17", "470,226": "16,28", "473,239": "3,16", "353,219": "46,17", "360,224": "16,27", "398,205": "29,17", "385,224": "15,27", "337,223": "15,28", "335,214": "15,27", "414,212": "16,28", "416,225": "16,27", "424,230": "16,28", "425,218": "0,29", "441,222": "15,28", "473,237": "3,16", "343,210": "15,28", "358,189": "26,17", "339,214": "46,17", "394,205": "29,17", "389,224": "15,27", "407,204": "15,28", "371,205": "15,27", "418,212": "16,28", "437,226": "15,28", "482,240": "4,17", "341,198": "15,28", "342,187": "16,27", "347,220": "15,27", "401,203": "15,27", "377,202": "15,28", "392,202": "16,28", "431,221": "15,27", "430,209": "29,17", "456,204": "29,17", "466,226": "26,17", "480,239": "4,16", "357,229": "15,28", "366,223": "0,29", "383,223": "15,28", "410,222": "16,27", "412,215": "16,27", "421,228": "15,28", "447,225": "15,27", "458,233": "4,16", "341,202": "15,28", "338,219": "16,28", "396,217": "0,29", "405,216": "0,29", "371,220": "15,27", "394,220": "16,27", "407,221": "15,28", "389,201": "16,27", "450,226": "16,28", "460,204": "29,17", "360,201": "16,27", "337,206": "15,27", "350,223": "16,28", "409,216": "0,29", "398,220": "16,27", "385,201": "16,27", "361,229": "15,28", "417,228": "15,28", "424,215": "16,27", "426,222": "16,28", "471,225": "15,27", "366,206": "16,28", "362,189": "16,27", "361,196": "15,28", "365,219": "34,10", "380,219": "0,29", "410,207": "15,27", "383,206": "16,28", "413,218": "15,28", "420,225": "16,27", "422,212": "16,28", "492,222": "29,17", "340,195": "16,27", "369,219": "34,10", "377,227": "15,28", "454,216": "0,29", "456,221": "15,27", "346,223": "16,28", "393,201": "15,27", "376,201": "16,27", "377,229": "15,28", "454,218": "0,29", "430,222": "16,28", "467,225": "15,27", "506,221": "26,18", "361,198": "15,28", "366,208": "16,28", "362,187": "16,27", "367,220": "34,11", "382,220": "16,27", "410,209": "15,27", "411,221": "15,28", "383,208": "16,28", "413,216": "15,28", "421,203": "15,27", "458,218": "0,29", "446,226": "16,28", "459,230": "3,29", "363,210": "15,28", "337,208": "15,27", "409,218": "16,28", "336,220": "16,27", "361,227": "15,28", "415,211": "15,27", "417,226": "15,28", "440,221": "16,27", "488,222": "29,17", "512,218": "26,17", "338,217": "16,28", "373,219": "0,29", "396,219": "0,29", "405,218": "16,28", "370,206": "16,28", "419,211": "15,27", "436,225": "16,27", "360,205": "16,27", "337,202": "15,27", "409,212": "0,29", "398,224": "16,27", "385,205": "16,27", "416,204": "16,28", "424,211": "16,27", "426,226": "16,28", "471,221": "15,27", "476,240": "4,17", "341,206": "15,28", "345,189": "27,17", "342,219": "46,17", "371,224": "15,27", "394,224": "16,27", "407,225": "15,28", "389,205": "16,27", "452,215": "15,28", "450,222": "16,28", "462,237": "4,16", "340,191": "16,27", "377,223": "15,28", "392,223": "16,28", "401,222": "15,27", "456,225": "16,27", "478,239": "4,16", "366,202": "16,28", "361,192": "15,28", "356,220": "16,27", "410,203": "16,27", "383,202": "16,28", "420,221": "16,27", "421,209": "15,27", "422,216": "16,28", "447,204": "29,17", "469,218": "0,29", "474,239": "4,16", "516,222": "29,17", "354,219": "46,17", "367,224": "15,27", "382,224": "16,27", "411,225": "15,28", "413,212": "15,28", "421,207": "15,27", "422,218": "16,28", "423,230": "15,28", "446,222": "16,28", "459,234": "3,29", "474,237": "4,16", "344,210": "16,28", "358,219": "46,17", "393,205": "8,31", "400,204": "16,28", "376,205": "16,27", "430,226": "16,28", "478,237": "23,31", "519,233": "3,29", "467,221": "16,28", "341,208": "15,28", "345,187": "27,17", "338,213": "16,28", "340,220": "16,27", "388,223": "16,28", "406,203": "16,27", "395,202": "15,28", "370,202": "16,28", "419,215": "15,27", "436,221": "16,27", "437,209": "29,17", "451,204": "29,17", "500,222": "29,17", "361,223": "0,29", "384,223": "16,28", "399,202": "15,28", "415,215": "15,27", "417,222": "15,28", "440,225": "16,27", "341,192": "15,28", "338,189": "16,27", "376,220": "16,27", "393,220": "15,27", "400,221": "16,28", "392,208": "16,28", "449,218": "0,29", "457,226": "15,28", "467,204": "29,17", "360,191": "16,27", "337,196": "15,28", "357,223": "15,28", "382,201": "15,27", "367,201": "15,27", "366,229": "16,28", "421,222": "15,28", "423,215": "15,27", "361,206": "15,28", "366,196": "16,28", "365,189": "15,27", "362,219": "34,10", "387,219": "0,29", "384,206": "15,28", "336,201": "16,28", "414,218": "16,28", "415,230": "15,28", "417,207": "15,27", "425,212": "0,29", "427,225": "15,27", "470,222": "16,28", "495,222": "29,17", "340,205": "16,27", "388,206": "15,28", "370,227": "16,28", "418,218": "16,28", "419,230": "15,28", "453,216": "16,27", "451,221": "16,28", "499,222": "29,17", "339,210": "15,28", "341,223": "15,28", "389,220": "15,27", "394,201": "16,27", "388,208": "15,28", "371,201": "15,27", "370,229": "16,28", "418,216": "16,28", "453,218": "16,27", "437,222": "15,28", "501,221": "26,17", "366,198": "16,28", "361,208": "15,28", "365,187": "15,27", "360,220": "16,27", "387,217": "27,19", "385,220": "15,27", "398,201": "16,27", "384,208": "15,28", "335,210": "15,27", "414,216": "16,28", "416,221": "16,27", "417,209": "15,27", "441,226": "15,28", "471,204": "8,31", "496,233": "3,29", "364,210": "16,28", "337,198": "15,27", "378,219": "0,29", "412,211": "16,27", "366,227": "16,28", "420,204": "16,28", "447,221": "15,27", "458,237": "4,16", "374,219": "0,29", "391,219": "0,29", "377,206": "15,28", "392,206": "16,28", "449,216": "0,29", "431,225": "15,27", "466,222": "26,17", "457,228": "3,17", "340,199": "16,27", "343,186": "15,28", "346,221": "16,28", "393,203": "15,27", "400,202": "16,28", "376,203": "16,27", "430,220": "0,29", "467,227": "29,17", "482,227": "29,17", "481,238": "23,31", "464,238": "4,17", "519,235": "3,29", "362,185": "16,27", "367,222": "23,31", "382,222": "16,27", "411,223": "15,28", "413,214": "15,28", "420,229": "16,27", "421,201": "15,27", "446,224": "16,28", "459,232": "3,29", "468,238": "4,17", "352,218": "8,31", "361,225": "15,28", "384,225": "16,28", "399,204": "15,28", "336,222": "16,27", "415,213": "15,27", "417,224": "15,28", "424,219": "16,27", "440,223": "16,27", "472,236": "3,29", "497,236": "3,29", "359,188": "15,28", "342,211": "46,17", "338,215": "16,28", "406,205": "29,17", "388,225": "16,28", "395,204": "15,28", "370,204": "16,28", "419,213": "15,27", "341,200": "15,28", "359,186": "15,28", "371,222": "15,27", "394,222": "16,27", "407,223": "15,28", "389,203": "16,27", "452,213": "0,29", "450,224": "16,28", "360,203": "16,27", "337,204": "15,27", "350,221": "16,28", "409,214": "0,29", "398,222": "16,27", "385,203": "16,27", "416,202": "16,28", "424,217": "16,27", "426,220": "0,29", "471,227": "29,17", "472,238": "4,17", "348,218": "8,31", "366,204": "16,28", "361,194": "15,28", "410,205": "15,27", "383,204": "16,28", "420,227": "16,27", "422,210": "16,28", "468,236": "3,29", "340,197": "16,27", "343,188": "15,28", "358,211": "8,31", "377,225": "15,28", "392,225": "16,28", "401,224": "15,27", "454,214": "0,29", "456,223": "16,27", "464,236": "3,29", "362,211": "46,17", "337,221": "15,28", "360,226": "16,27", "336,209": "16,28", "335,216": "15,27", "408,219": "15,28", "414,210": "16,28", "416,227": "16,27", "441,220": "0,29", "339,216": "46,17", "371,207": "29,17", "404,219": "15,28", "418,210": "16,28", "437,224": "15,28", "342,185": "16,27", "347,222": "15,27", "401,201": "15,27", "376,228": "16,27", "431,223": "15,27", "455,219": "16,27", "466,224": "26,17", "518,236": "3,29", "505,217": "0,29", "507,220": "27,19", "360,199": "16,27", "363,186": "15,28", "367,209": "46,17", "382,209": "29,17", "383,221": "15,28", "410,220": "16,27", "411,208": "16,28", "412,217": "16,27", "420,202": "16,28", "459,219": "26,17", "458,231": "4,16", "514,236": "3,29", "509,217": "0,29", "360,197": "16,27", "363,188": "15,28", "337,190": "15,28", "357,225": "15,28", "367,207": "8,31", "411,206": "16,28", "382,207": "15,27", "412,219": "15,28", "421,224": "15,28", "423,213": "15,27", "341,194": "15,28", "376,226": "16,27", "457,220": "16,28", "340,203": "16,27", "358,185": "26,17", "339,218": "46,17", "370,221": "0,29", "395,221": "15,28", "404,217": "15,27", "406,220": "16,27", "502,236": "3,29", "361,200": "15,28", "366,190": "16,28", "351,222": "15,27", "360,228": "16,27", "399,221": "15,28", "408,217": "15,27", "336,207": "16,28", "335,218": "15,27", "416,229": "16,27", "417,201": "15,27", "425,214": "0,29", "427,223": "15,27", "470,224": "16,28", "340,209": "16,27", "344,186": "16,28", "341,221": "15,28", "339,212": "46,17", "389,222": "15,27", "394,203": "16,27", "407,202": "15,28", "371,203": "15,27", "418,214": "16,28", "437,220": "0,29", "485,227": "29,17", "463,238": "3,17", "365,185": "15,27", "360,222": "16,27", "385,222": "15,27", "398,203": "16,27", "335,212": "15,27", "414,214": "16,28", "416,223": "16,27", "441,224": "15,28", "471,206": "0,29", "472,219": "16,27", "355,218": "8,31", "366,225": "16,28", "383,225": "15,28", "410,224": "16,27", "412,213": "16,27", "420,206": "16,28", "423,219": "15,27", "447,223": "15,27", "475,236": "3,29", "458,235": "4,16", "490,236": "3,29", "345,211": "8,31", "401,205": "29,17", "377,204": "15,28", "392,204": "16,28", "449,214": "0,29", "466,220": "26,17", "341,190": "15,28", "374,215": "0,29", "376,222": "16,27", "393,222": "15,27", "400,223": "16,28", "457,224": "15,28", "479,238": "23,31", "360,193": "16,27", "337,194": "15,28", "357,221": "15,28", "378,215": "0,29", "411,202": "15,28", "382,203": "15,27", "367,203": "15,27", "420,208": "16,28", "421,220": "15,28", "423,217": "15,27", "468,219": "16,27", "476,227": "29,17", "475,238": "3,17", "361,204": "15,28", "366,194": "16,28", "408,213": "27,18", "399,225": "15,28", "384,204": "15,28", "336,203": "16,28", "417,205": "15,27", "425,210": "0,29", "471,208": "0,29", "470,220": "16,28", "340,207": "16,27", "344,188": "16,28", "370,225": "16,28", "395,225": "15,28", "406,224": "16,27", "388,204": "15,28", "453,214": "16,27", "451,223": "15,27", "463,236": "3,29", "486,236": "3,29", "365,211": "46,17", "336,199": "16,28", "367,226": "15,27", "413,210": "15,28", "421,205": "15,27", "446,220": "0,29", "459,236": "3,29", "339,186": "15,28", "403,219": "0,29", "376,207": "29,17", "393,207": "26,17", "430,224": "16,28", "519,231": "3,29", "467,223": "16,28", "345,185": "27,17", "338,211": "16,28", "389,209": "29,17", "388,221": "16,28", "406,201": "16,27", "340,222": "16,27", "371,228": "15,27", "419,217": "15,27", "452,219": "15,28", "436,223": "16,27", "502,217": "0,29", "360,209": "16,27", "364,186": "16,28", "361,221": "0,29", "386,216": "26,18", "385,209": "29,17", "384,221": "16,28", "416,208": "16,28", "415,217": "15,27", "417,220": "15,28", "513,236": "3,29", "360,207": "16,27", "364,188": "16,28", "337,200": "15,27", "386,218": "26,19", "409,210": "0,29", "385,207": "16,27", "416,206": "16,28", "415,219": "15,27", "424,213": "16,27", "426,224": "16,28", "471,223": "15,27", "341,204": "15,28", "389,207": "16,27", "371,226": "15,27", "419,219": "15,27", "452,217": "15,28", "450,220": "15,27", "340,193": "16,27", "339,188": "15,28", "403,217": "0,29", "393,209": "8,31", "377,221": "15,28", "392,221": "16,28", "401,220": "15,27", "505,236": "3,29", "366,200": "16,28", "361,190": "15,28", "356,222": "16,27", "410,201": "16,27", "336,197": "16,28", "367,228": "15,27", "420,223": "16,27", "422,214": "16,28", "459,238": "3,17", "509,236": "3,29" }, "SNOW": 0.000000 }, "OUTSIDE": { "MUSIC": "LAND", "OBJECTS": { "12,16": "RED DONUT", "9,18": "RED DONUT", "2,12": "LINE GRINDER", "6,20": "RED DONUT" }, "CLASSIC_SCROLL": 0.000000, "DAREDEVIL": 0.000000, "TILES_BG": { }, "WIDTH": 192.000000, "MODIFIERS": { }, "HEIGHT": 27.000000, "BACKGROUND": "CAVE ENTRANCE", "MARKERS": { "12,12": "LEFT", "2,12": "RIGHT" }, "KEEP_POWERUP": 0.000000, "RAIN": 0.000000, "TILES": { "10,22": "11,12", "0,24": "15,28", "5,22": "11,12", "7,23": "15,27", "10,26": "16,28", "1,19": "31,16", "0,20": "30,17", "5,26": "15,28", "12,23": "16,27", "9,25": "15,27", "2,25": "16,27", "12,25": "16,27", "2,23": "16,27", "9,23": "15,27", "7,25": "15,27", "0,26": "15,28", "5,24": "15,28", "10,24": "16,28", "0,22": "11,12", "6,25": "16,27", "1,26": "15,28", "13,25": "15,27", "8,23": "16,27", "14,26": "16,28", "3,23": "15,27", "11,24": "15,28", "1,22": "11,12", "4,24": "16,28", "14,22": "11,12", "4,22": "11,12", "14,24": "16,28", "11,22": "11,12", "1,24": "15,28", "13,23": "15,27", "4,26": "16,28", "3,25": "15,27", "8,25": "16,27", "11,26": "15,28", "0,19": "30,16", "6,23": "16,27", "1,20": "31,17", "9,24": "15,28", "2,24": "16,28", "12,22": "11,12", "0,21": "30,17", "7,22": "11,12", "12,26": "16,28", "5,23": "15,27", "0,25": "15,27", "10,23": "16,27", "7,26": "15,28", "0,23": "15,27", "10,25": "16,27", "9,26": "15,28", "2,26": "16,28", "5,25": "15,27", "7,24": "15,28", "2,22": "11,12", "9,22": "11,12", "12,24": "16,28", "3,26": "15,28", "14,23": "16,27", "8,26": "16,28", "4,25": "16,27", "1,23": "15,27", "11,25": "15,27", "8,22": "11,12", "3,22": "11,12", "13,24": "15,28", "6,24": "16,28", "1,21": "31,17", "6,22": "11,12", "3,24": "15,28", "8,24": "16,28", "13,22": "11,12", "1,25": "15,27", "6,26": "16,28", "11,23": "15,27", "14,25": "16,27", "4,23": "16,27", "13,26": "15,28" }, "SNOW": 0.000000 }, "ROPES": { "MUSIC": "GHOST", "OBJECTS": { "31,89": "GREY SNIFIT", "37,56": "DRY BONES", "41,62": "H EXPAND PLATFORM", "43,61": "COIN", "32,92": "DIAGONAL CANNON", "49,92": "DIAGONAL CANNON", "34,87": "DRY BONES", "45,74": "COIN", "42,61": "COIN", "32,80": "RIGHT ENGINE", "50,88": "GREY SNIFIT", "39,61": "COIN", "41,55": "LINE GRINDER", "39,48": "LINE GRINDER", "32,46": "RIGHT ENGINE", "43,50": "COIN", "43,49": "COIN", "36,45": "TOUCH-START MOVING PLATFORM", "41,61": "COIN", "43,85": "BLUE SNIFIT", "47,74": "COIN", "50,51": "GREY SNIFIT", "32,60": "RIGHT ENGINE", "43,78": "LINE GRINDER", "34,54": "WINGED BLOCK", "41,73": "H EXPAND PLATFORM", "40,61": "COIN", "32,64": "RIGHT ENGINE", "46,74": "COIN", "34,56": "DRY BONES", "48,74": "COIN", "36,72": "V EXPAND PLATFORM" }, "CLASSIC_SCROLL": 0.000000, "DAREDEVIL": 0.000000, "TILES_BG": { }, "WIDTH": 192.000000, "MODIFIERS": { "39,91": "DESTINATION:PIPETHREE", "34,54": "FIRE FLOWER" }, "HEIGHT": 95.000000, "BACKGROUND": "DUNGEON", "MARKERS": { "32,92": "RIGHT", "49,92": "LEFT", "43,71": "DOWN", "38,90": "UP", "41,55": "UP", "39,48": "DOWN", "41,48": "DOWN", "39,55": "UP", "43,78": "UP", "34,54": "UP", "34,50": "DOWN", "41,90": "UP", "37,45": "UP" }, "KEEP_POWERUP": 0.000000, "RAIN": 0.000000, "TILES": { "30,15": "3,16", "31,87": "4,16", "37,58": "4,17", "48,46": "3,16", "42,31": "3,16", "47,39": "4,17", "31,62": "4,17", "40,91": "27,19", "43,46": "4,16", "49,31": "4,16", "51,65": "4,16", "44,45": "3,17", "50,12": "3,17", "51,80": "4,17", "45,32": "4,17", "30,55": "3,16", "49,94": "4,17", "31,22": "4,17", "42,94": "3,17", "51,25": "4,16", "46,40": "3,16", "50,52": "3,17", "34,81": "0,29", "47,37": "4,17", "43,23": "4,16", "50,39": "3,16", "30,70": "3,17", "41,83": "0,29", "45,19": "4,16", "48,23": "3,16", "50,77": "3,16", "45,57": "43,26", "30,6": "3,17", "31,49": "4,16", "50,92": "3,17", "44,20": "3,17", "30,8": "3,17", "31,47": "4,16", "49,14": "4,17", "30,30": "3,17", "50,79": "3,16", "39,90": "26,18", "43,86": "0,29", "45,59": "43,26", "42,14": "3,17", "50,37": "3,16", "45,17": "4,16", "51,40": "4,17", "35,93": "4,16", "46,25": "3,16", "30,74": "3,17", "42,50": "43,26", "48,27": "3,16", "30,91": "3,16", "43,27": "4,16", "44,24": "3,17", "50,73": "3,16", "45,53": "43,26", "47,16": "4,17", "30,34": "3,17", "39,94": "4,17", "47,18": "4,17", "31,43": "4,16", "32,94": "3,17", "51,44": "4,17", "43,29": "4,16", "46,21": "3,16", "50,33": "3,16", "45,13": "4,16", "48,29": "3,16", "31,66": "4,17", "43,42": "4,16", "49,35": "4,17", "30,11": "3,16", "50,58": "3,17", "31,83": "4,16", "32,54": "0,29", "42,35": "3,17", "48,42": "3,16", "50,16": "3,17", "51,84": "4,17", "35,57": "4,16", "45,36": "4,16", "31,28": "4,17", "51,61": "4,16", "44,41": "3,17", "31,26": "4,17", "33,63": "43,26", "50,18": "3,17", "30,51": "3,16", "45,38": "4,16", "50,56": "3,17", "45,76": "0,29", "47,33": "4,16", "51,21": "4,16", "31,68": "4,17", "45,93": "4,16", "46,44": "3,16", "31,45": "4,16", "49,16": "4,17", "30,32": "3,17", "39,92": "26,19", "42,16": "3,17", "50,35": "3,16", "45,15": "4,16", "51,42": "4,17", "46,27": "3,16", "43,21": "4,16", "46,29": "3,16", "30,72": "3,17", "48,21": "3,16", "50,75": "3,16", "45,55": "43,26", "42,18": "3,17", "50,90": "3,17", "37,94": "4,17", "39,79": "0,29", "49,18": "4,17", "44,22": "3,17", "30,57": "3,16", "36,88": "0,29", "31,20": "4,17", "51,69": "4,16", "33,65": "43,26", "51,27": "4,16", "46,42": "3,16", "30,19": "3,16", "50,50": "3,17", "47,35": "4,17", "30,17": "3,16", "48,44": "3,16", "42,33": "3,16", "51,29": "4,16", "40,93": "3,16", "34,68": "0,29", "31,60": "35,14", "43,44": "4,16", "49,33": "4,16", "51,67": "4,16", "44,47": "3,17", "50,10": "3,17", "30,59": "3,16", "51,82": "4,17", "35,51": "0,29", "45,30": "4,17", "31,24": "4,17", "33,61": "43,26", "30,53": "3,16", "51,88": "4,17", "50,54": "3,17", "32,58": "3,17", "47,31": "4,16", "42,39": "3,17", "51,23": "4,16", "39,58": "4,17", "46,46": "3,16", "49,39": "4,17", "31,64": "35,14", "43,40": "4,16", "49,37": "4,17", "30,13": "3,16", "31,81": "4,16", "42,37": "3,17", "48,40": "3,16", "50,14": "3,17", "51,86": "4,17", "45,34": "4,16", "51,63": "4,16", "47,94": "4,17", "44,43": "3,17", "30,36": "3,17", "31,41": "4,16", "44,28": "3,17", "51,46": "4,17", "46,23": "3,16", "31,8": "4,17", "50,31": "3,16", "30,78": "3,17", "31,6": "4,17", "30,76": "3,17", "42,52": "43,27", "48,25": "3,16", "51,48": "4,17", "30,93": "3,16", "43,25": "4,16", "50,94": "3,17", "34,47": "0,29", "44,26": "3,17", "30,38": "3,17", "50,71": "3,16", "45,51": "43,26", "47,14": "4,17", "31,72": "4,17", "49,21": "4,16", "50,7": "3,16", "42,21": "3,16", "47,29": "4,16", "51,90": "4,17", "36,94": "3,17", "38,79": "0,29", "48,18": "3,17", "45,22": "4,17", "51,75": "4,16", "43,18": "4,17", "31,32": "4,17", "43,16": "4,17", "30,45": "3,16", "48,16": "3,17", "50,9": "3,16", "50,42": "3,17", "47,27": "4,16", "51,35": "4,16", "44,15": "3,16", "50,29": "3,16", "30,60": "3,17", "41,93": "4,16", "35,68": "0,29", "42,44": "3,16", "48,33": "3,16", "31,17": "4,16", "30,85": "3,16", "49,44": "4,16", "43,33": "4,16", "51,10": "4,17", "31,59": "4,16", "44,30": "3,17", "50,67": "3,16", "45,47": "4,17", "37,63": "43,27", "30,20": "3,17", "50,69": "3,16", "45,49": "43,26", "31,57": "4,16", "31,19": "4,16", "51,50": "4,17", "46,35": "3,17", "50,27": "3,16", "47,42": "4,16", "31,13": "4,16", "30,81": "3,16", "43,37": "4,17", "49,40": "4,16", "30,64": "3,17", "42,40": "3,16", "48,37": "3,17", "50,63": "3,16", "46,94": "3,17", "45,43": "4,17", "51,14": "4,17", "44,34": "3,16", "31,53": "4,16", "30,24": "3,17", "50,23": "3,16", "38,58": "3,17", "47,46": "4,16", "48,39": "3,17", "51,54": "4,17", "33,58": "4,17", "46,31": "3,16", "43,39": "4,17", "50,48": "3,17", "31,93": "4,16", "42,25": "3,16", "31,76": "4,17", "49,25": "4,16", "51,5": "4,16", "31,38": "4,17", "51,71": "4,16", "46,14": "3,17", "51,94": "4,17", "45,26": "4,17", "30,41": "3,16", "45,28": "4,17", "31,36": "4,17", "51,31": "4,16", "31,78": "4,17", "50,46": "3,17", "47,23": "4,16", "30,22": "3,17", "43,94": "4,17", "31,55": "4,16", "48,94": "3,17", "51,52": "4,17", "30,89": "3,16", "46,37": "3,17", "50,25": "3,16", "42,48": "43,26", "47,40": "4,16", "30,62": "3,17", "42,46": "3,16", "48,31": "3,16", "31,15": "4,16", "30,87": "3,16", "36,58": "3,17", "49,46": "4,16", "43,31": "4,16", "46,39": "3,17", "51,12": "4,17", "50,80": "3,17", "44,32": "3,17", "50,65": "3,16", "37,61": "43,26", "45,45": "4,17", "31,30": "4,17", "51,79": "4,16", "43,14": "4,17", "30,47": "3,16", "48,14": "3,17", "50,40": "3,17", "34,93": "3,16", "45,60": "43,27", "47,25": "4,16", "51,37": "4,16", "44,17": "3,16", "51,39": "4,16", "31,70": "4,17", "40,83": "0,29", "44,19": "3,16", "49,23": "4,16", "50,5": "3,16", "42,23": "3,16", "30,49": "3,16", "51,92": "4,17", "45,20": "4,17", "51,77": "4,16", "30,43": "3,16", "33,94": "4,17", "51,9": "4,16", "31,34": "4,17", "38,94": "3,17", "46,18": "3,17", "51,33": "4,16", "44,13": "3,16", "49,29": "4,16", "50,44": "3,17", "42,29": "3,16", "47,21": "4,16", "31,91": "4,16", "42,27": "3,16", "31,74": "4,17", "49,27": "4,16", "51,7": "4,16", "51,73": "4,16", "46,16": "3,17", "45,24": "4,17", "51,18": "4,17", "31,51": "4,16", "44,38": "3,16", "30,26": "3,17", "50,21": "3,16", "30,68": "3,17", "44,93": "3,16", "47,44": "4,16", "51,56": "4,17", "46,33": "3,16", "31,11": "4,16", "51,58": "4,17", "30,83": "3,16", "33,54": "0,29", "43,35": "4,17", "49,42": "4,16", "30,66": "3,17", "42,42": "3,16", "48,35": "3,17", "30,28": "3,17", "50,61": "3,16", "45,41": "4,17", "51,16": "4,17", "34,57": "3,16", "44,36": "3,16", "51,45": "4,16", "43,28": "4,17", "46,20": "3,17", "50,32": "3,17", "48,28": "3,17", "30,35": "3,16", "47,19": "4,16", "31,42": "4,17", "37,93": "4,16", "44,25": "3,16", "50,72": "3,17", "45,52": "43,26", "47,17": "4,16", "31,5": "4,16", "30,75": "3,16", "42,51": "43,26", "48,26": "3,17", "30,90": "3,17", "33,47": "0,29", "43,26": "4,17", "50,57": "3,16", "47,32": "4,17", "51,20": "4,17", "31,69": "4,16", "46,45": "3,17", "31,27": "4,16", "33,62": "43,26", "50,19": "3,16", "30,50": "3,17", "35,58": "4,17", "45,39": "4,17", "50,17": "3,16", "51,85": "4,16", "45,37": "4,17", "31,29": "4,16", "51,60": "4,17", "44,40": "3,16", "31,67": "4,16", "40,94": "3,17", "43,43": "4,17", "49,34": "4,16", "30,10": "3,17", "50,59": "3,16", "31,82": "4,17", "42,34": "3,16", "48,43": "3,17", "51,24": "4,17", "46,41": "3,17", "50,53": "3,16", "31,88": "4,17", "37,57": "4,16", "47,36": "4,16", "30,54": "3,17", "31,23": "4,16", "33,66": "43,27", "51,64": "4,17", "47,93": "4,16", "33,68": "0,29", "44,44": "3,16", "50,13": "3,16", "51,81": "4,16", "47,76": "0,29", "45,33": "4,16", "30,14": "3,17", "31,86": "4,17", "48,47": "3,17", "37,59": "43,26", "47,38": "4,16", "42,30": "3,17", "31,63": "4,16", "40,90": "27,18", "43,47": "4,17", "49,30": "4,17", "50,36": "3,17", "45,16": "4,17", "51,41": "4,16", "46,24": "3,17", "30,9": "3,16", "31,46": "35,14", "49,15": "4,16", "30,31": "3,16", "50,78": "3,17", "39,91": "26,19", "45,58": "43,26", "42,15": "3,16", "50,76": "3,17", "45,56": "43,26", "47,13": "4,16", "30,7": "3,16", "31,48": "4,17", "50,93": "3,16", "44,21": "3,16", "30,94": "3,17", "43,22": "4,17", "50,38": "3,17", "30,71": "3,16", "45,18": "4,17", "48,22": "3,17", "50,15": "3,16", "51,87": "4,16", "45,35": "4,17", "51,62": "4,17", "44,42": "3,16", "31,65": "4,16", "39,57": "4,16", "43,41": "4,17", "49,36": "4,16", "30,12": "3,17", "34,88": "0,29", "31,80": "35,14", "32,57": "3,16", "42,36": "3,16", "48,41": "3,17", "50,55": "3,16", "37,51": "0,29", "42,38": "3,16", "47,30": "4,17", "51,22": "4,17", "46,47": "3,17", "49,38": "4,16", "31,25": "4,16", "42,93": "3,16", "33,60": "43,26", "30,52": "3,17", "51,89": "4,16", "49,93": "4,16", "44,27": "3,16", "30,39": "3,16", "50,70": "3,17", "45,50": "43,26", "47,15": "4,16", "31,7": "4,16", "30,77": "3,16", "48,24": "3,17", "51,49": "4,16", "30,92": "3,17", "43,24": "4,17", "51,47": "4,16", "35,94": "4,17", "46,22": "3,17", "31,9": "4,16", "50,30": "3,17", "30,79": "3,16", "30,37": "3,16", "42,13": "3,16", "31,40": "4,17", "49,13": "4,16", "44,29": "3,16", "50,74": "3,17", "45,54": "43,26", "42,19": "3,16", "30,5": "3,16", "50,91": "3,16", "49,19": "4,16", "44,23": "3,16", "43,20": "4,17", "46,28": "3,17", "30,73": "3,16", "48,20": "3,17", "50,34": "3,17", "44,86": "0,29", "45,14": "4,17", "51,43": "4,16", "46,26": "3,17", "31,44": "4,17", "32,93": "3,16", "49,17": "4,16", "30,33": "3,16", "39,93": "4,16", "42,17": "3,16", "51,66": "4,17", "44,46": "3,16", "50,11": "3,16", "30,58": "3,17", "51,83": "4,16", "45,31": "4,16", "30,16": "3,17", "31,84": "4,17", "42,32": "3,17", "48,45": "3,17", "51,28": "4,17", "31,61": "4,16", "40,92": "27,19", "49,32": "4,17", "43,45": "4,17", "51,26": "4,17", "45,94": "4,17", "46,43": "3,17", "30,18": "3,17", "40,79": "0,29", "47,34": "4,16", "30,56": "3,17", "33,81": "0,29", "31,21": "4,16", "51,68": "4,17", "33,64": "43,26", "50,22": "3,17", "47,47": "4,17", "48,38": "3,16", "51,55": "4,16", "33,59": "43,26", "36,51": "0,29", "43,38": "4,16", "46,30": "3,17", "31,52": "4,17", "50,89": "3,16", "48,93": "3,16", "30,25": "3,16", "43,93": "4,16", "48,76": "0,29", "50,62": "3,17", "45,42": "4,16", "51,15": "4,16", "50,87": "3,16", "44,35": "3,17", "31,12": "4,17", "30,80": "3,17", "35,88": "0,29", "33,57": "4,16", "43,36": "4,16", "49,41": "4,17", "30,65": "3,16", "38,57": "3,16", "42,41": "3,17", "48,36": "3,16", "51,30": "4,17", "31,79": "4,16", "50,47": "3,16", "34,94": "3,17", "47,22": "4,17", "30,40": "3,17", "48,13": "3,16", "45,29": "4,16", "31,37": "4,16", "43,13": "4,16", "31,39": "4,16", "51,70": "4,17", "46,15": "3,16", "45,27": "4,16", "50,49": "3,16", "31,92": "4,17", "42,24": "3,17", "31,77": "4,16", "49,24": "4,17", "50,8": "3,17", "50,43": "3,16", "47,26": "4,17", "51,34": "4,17", "45,86": "0,29", "44,14": "3,17", "31,33": "4,16", "38,93": "3,16", "43,17": "4,16", "30,44": "3,17", "33,93": "4,16", "48,17": "3,16", "51,91": "4,16", "48,19": "3,16", "45,23": "4,16", "51,74": "4,17", "43,19": "4,16", "31,73": "4,16", "49,20": "4,17", "50,6": "3,17", "42,20": "3,17", "47,28": "4,17", "31,18": "4,17", "51,51": "4,16", "46,34": "3,16", "50,26": "3,17", "44,94": "3,17", "47,43": "4,17", "30,21": "3,16", "50,68": "3,17", "45,48": "43,26", "31,56": "4,17", "32,81": "0,29", "51,11": "4,16", "31,58": "4,17", "50,83": "3,16", "44,31": "3,16", "50,66": "3,17", "45,46": "4,16", "37,62": "43,26", "50,28": "3,17", "30,61": "3,16", "48,32": "3,17", "42,45": "3,17", "31,16": "4,17", "30,84": "3,17", "43,32": "4,17", "49,45": "4,17", "51,6": "4,17", "51,72": "4,17", "46,17": "3,16", "36,93": "3,16", "45,25": "4,16", "31,90": "4,17", "32,47": "0,29", "42,26": "3,17", "31,75": "4,16", "49,26": "4,17", "51,32": "4,17", "49,28": "4,17", "50,45": "3,16", "42,28": "3,17", "47,20": "4,17", "30,42": "3,17", "51,8": "4,17", "31,35": "4,16", "46,19": "3,16", "30,29": "3,16", "50,60": "3,17", "45,40": "4,16", "51,17": "4,16", "50,85": "3,16", "44,37": "3,17", "31,10": "4,17", "51,59": "4,16", "30,82": "3,17", "43,34": "4,16", "49,43": "4,17", "30,67": "3,16", "41,94": "4,17", "42,43": "3,17", "48,34": "3,16", "50,20": "3,17", "30,69": "3,16", "47,45": "4,17", "51,57": "4,16", "46,32": "3,17", "51,19": "4,16", "31,50": "4,17", "34,58": "3,17", "44,39": "3,17", "30,27": "3,16", "51,13": "4,16", "46,76": "0,29", "44,33": "3,16", "50,64": "3,17", "46,93": "3,16", "37,60": "43,26", "45,44": "4,16", "30,63": "3,16", "42,47": "3,17", "48,30": "3,17", "31,14": "4,17", "30,86": "3,17", "49,47": "4,17", "46,38": "3,16", "43,30": "4,17", "51,53": "4,16", "30,88": "3,17", "36,57": "3,16", "46,36": "3,16", "50,24": "3,17", "42,49": "43,26", "47,41": "4,17", "30,23": "3,16", "39,83": "0,29", "31,54": "4,17", "30,48": "3,17", "51,93": "4,16", "45,21": "4,16", "51,76": "4,17", "46,13": "3,16", "51,38": "4,17", "31,71": "4,16", "44,18": "3,17", "49,22": "4,17", "31,94": "4,17", "42,22": "3,17", "50,41": "3,16", "47,24": "4,17", "51,36": "4,17", "44,16": "3,17", "31,31": "4,16", "51,78": "4,17", "43,15": "4,16", "30,46": "3,17", "48,15": "3,16" }, "SNOW": 0.000000 } }