{ "MAIN": { "CLASSIC_SCROLL": 0.000000, "TILES_BG": { }, "BACKGROUND": "CLASSIC", "WIDTH": 192.000000, "RAIN": 0.000000, "TILES": { "38,23": "1,5", "37,23": "1,5", "32,23": "1,5", "38,22": "2,0", "4,25": "1,4", "16,26": "1,5", "37,22": "3,1", "32,22": "1,5", "1,25": "1,4", "13,26": "1,5", "19,25": "1,4", "58,26": "1,5", "40,24": "1,5", "13,25": "1,5", "32,21": "1,4", "52,26": "1,5", "57,26": "1,5", "37,21": "3,0", "45,24": "1,5", "16,25": "1,5", "32,20": "18,17", "40,25": "1,5", "13,24": "1,5", "45,25": "1,5", "25,22": "1,4", "16,24": "3,1", "56,22": "4,0", "36,25": "1,5", "33,25": "1,5", "39,25": "1,5", "36,24": "1,5", "56,23": "4,1", "53,23": "1,4", "33,24": "1,5", "39,24": "1,5", "60,26": "1,5", "21,25": "1,4", "24,25": "1,4", "65,26": "1,5", "59,20": "4,1", "41,23": "1,4", "44,23": "1,4", "58,20": "4,0", "25,25": "1,4", "16,23": "3,0", "64,26": "1,5", "61,26": "1,5", "20,25": "1,4", "13,23": "1,4", "58,21": "4,1", "57,21": "4,0", "45,23": "1,4", "40,23": "1,4", "38,25": "1,5", "61,24": "18,16", "32,25": "1,5", "57,22": "4,1", "37,25": "1,5", "38,24": "1,5", "61,25": "18,17", "52,23": "1,4", "32,24": "1,5", "37,24": "1,5", "56,26": "1,5", "36,21": "2,0", "44,24": "1,5", "17,25": "1,5", "41,24": "1,5", "33,21": "1,4", "53,26": "1,5", "18,25": "3,1", "59,26": "1,5", "44,25": "1,5", "24,22": "1,4", "17,24": "2,0", "33,20": "19,17", "21,22": "1,4", "41,25": "1,5", "18,24": "3,0", "33,23": "1,5", "36,23": "1,5", "61,17": "4,0", "39,23": "3,1", "33,22": "1,5", "12,26": "1,5", "0,25": "1,4", "5,25": "1,4", "36,22": "1,5", "39,22": "3,0", "59,19": "4,0", "9,25": "1,5", "6,25": "1,4", "14,26": "1,5", "35,22": "1,5", "30,22": "0,5", "50,25": "1,5", "3,25": "1,4", "11,26": "1,5", "9,24": "1,5", "35,23": "1,5", "50,24": "4,1", "30,23": "0,5", "48,25": "1,5", "42,25": "1,5", "22,22": "1,4", "14,24": "1,5", "27,22": "1,4", "47,25": "1,5", "9,26": "1,5", "48,24": "1,4", "42,24": "1,5", "50,26": "1,5", "30,21": "0,4", "35,21": "1,4", "55,26": "1,5", "14,25": "1,5", "47,24": "5,1", "54,23": "1,4", "34,24": "1,5", "31,24": "1,5", "51,23": "1,4", "32,18": "18,16", "62,25": "19,17", "8,23": "4,0", "34,25": "1,5", "32,19": "18,17", "31,25": "1,5", "61,18": "4,1", "62,24": "19,16", "70,26": "1,5", "43,23": "1,4", "46,23": "1,4", "62,26": "1,5", "10,23": "1,4", "23,25": "1,4", "15,23": "2,0", "26,25": "1,4", "67,26": "1,5", "68,26": "1,5", "29,25": "1,4", "47,23": "5,0", "42,23": "1,4", "69,26": "1,5", "28,25": "1,4", "14,23": "1,4", "27,25": "1,4", "66,26": "1,5", "63,26": "1,5", "22,25": "1,4", "9,23": "1,4", "33,18": "19,16", "30,24": "0,5", "50,23": "4,0", "60,19": "4,1", "55,23": "1,4", "35,24": "1,5", "30,25": "5,6", "33,19": "19,17", "60,18": "4,0", "35,25": "1,5", "15,24": "1,5", "26,22": "1,4", "46,25": "1,5", "10,24": "1,5", "43,25": "1,5", "49,25": "1,5", "34,21": "1,4", "54,26": "1,5", "15,25": "1,5", "7,26": "1,5", "46,24": "1,5", "10,25": "1,5", "43,24": "1,5", "51,26": "1,5", "31,21": "1,4", "8,26": "1,5", "49,24": "1,4", "31,22": "1,5", "10,26": "1,5", "2,25": "1,4", "15,26": "1,5", "7,25": "4,1", "34,22": "1,5", "8,25": "1,5", "31,23": "1,5", "34,23": "1,5", "7,24": "4,0", "8,24": "1,5" }, "KEEP_POWERUP": 0.000000, "OBJECTS": { "20,22": "MULTICOIN BLOCK", "0,23": "MARIO", "27,19": "QUESTION BLOCK", "27,21": "GOOMBA", "35,20": "GOOMBA" }, "HEIGHT": 27.000000, "MARKERS": { "33,17": "WARP TOP", "61,24": "WARP BOTTOM", "32,17": "WARP TOP", "62,24": "WARP BOTTOM" }, "MUSIC": "LAND", "MODIFIERS": { "27,19": "MUSHROOM" } } }
