{ "CASTLE": { "CLASSIC_SCROLL": 0.000000, "TILES_BG": { }, "BACKGROUND": "BONUS", "WIDTH": 192.000000, "RAIN": 0.000000, "TILES": { "4,24": "27,12", "4,25": "27,13", "45,15": "26,12", "36,24": "27,13", "41,22": "26,12", "17,23": "26,12", "18,23": "27,12", "41,23": "26,13", "45,16": "26,13", "24,22": "27,13", "17,24": "26,13", "18,24": "27,13", "36,23": "27,12", "24,21": "27,12", "30,22": "27,12", "3,25": "26,13", "35,23": "26,12", "3,24": "26,12", "30,23": "27,13", "50,16": "26,13", "50,15": "26,12", "42,23": "27,13", "46,16": "27,13", "51,15": "27,12", "42,22": "27,12", "35,24": "26,13", "51,16": "27,13", "46,15": "27,12", "23,22": "26,13", "29,22": "26,12", "29,23": "26,13", "23,21": "26,12" }, "KEEP_POWERUP": 0.000000, "OBJECTS": { "21,15": "COIN", "21,16": "COIN", "15,19": "COIN", "21,17": "COIN", "35,19": "COIN", "30,19": "COIN", "35,18": "COIN", "30,18": "COIN", "29,19": "COIN", "29,18": "COIN", "34,19": "COIN", "13,20": "COIN", "14,19": "COIN", "42,18": "BRICK", "25,16": "COIN", "14,18": "COIN", "25,17": "COIN", "42,19": "BRICK", "25,15": "COIN", "6,24": "TOUCH-START MOVING PLATFORM", "41,19": "BRICK", "12,19": "COIN", "41,18": "BRICK", "37,19": "COIN", "25,18": "COIN", "21,18": "COIN", "36,18": "COIN", "14,20": "COIN", "36,19": "COIN", "13,18": "COIN", "13,19": "COIN" }, "HEIGHT": 27.000000, "MARKERS": { "16,24": "LEFT", "6,24": "RIGHT", "51,13": "DOOR", "3,22": "DOOR" }, "MUSIC": "BLOCKS", "MODIFIERS": { "51,13": "TEXT:DOORTHREE,MAIN", "3,22": "DESTINATION:DOORTWO" } }, "MAIN": { "CLASSIC_SCROLL": 0.000000, "TILES_BG": { }, "BACKGROUND": "CLASSIC", "WIDTH": 192.000000, "RAIN": 0.000000, "TILES": { "41,13": "1,4", "37,23": "2,5", "45,26": "1,5", "20,21": "0,5", "44,13": "1,4", "21,4": "1,4", "12,7": "1,6", "32,23": "0,5", "4,25": "1,4", "16,26": "1,5", "37,22": "2,4", "29,6": "1,6", "21,5": "1,6", "32,22": "0,4", "12,6": "1,4", "1,25": "1,4", "13,26": "1,5", "20,20": "0,5", "39,14": "1,6", "20,23": "0,5", "1,26": "1,5", "13,25": "1,4", "29,5": "1,4", "45,24": "1,5", "4,26": "1,5", "53,13": "1,4", "16,25": "1,4", "20,22": "0,5", "45,25": "1,5", "36,25": "1,5", "33,25": "1,5", "40,14": "1,6", "36,24": "1,5", "44,21": "1,4", "21,26": "1,5", "41,21": "0,4", "45,14": "1,6", "33,24": "1,5", "22,19": "1,5", "41,22": "0,5", "21,25": "1,5", "44,22": "1,5", "17,4": "1,4", "52,15": "1,6", "13,16": "1,4", "35,9": "9,4", "21,24": "1,5", "41,23": "0,5", "22,18": "1,4", "33,26": "1,5", "13,17": "1,6", "36,26": "1,5", "44,23": "1,5", "52,14": "1,5", "32,13": "2,4", "17,5": "1,6", "38,13": "0,4", "18,4": "1,4", "10,7": "1,6", "25,25": "0,4", "45,22": "1,5", "53,15": "1,6", "12,16": "1,4", "20,25": "0,5", "23,19": "2,5", "10,6": "1,4", "18,5": "1,6", "39,13": "1,4", "37,26": "2,5", "12,17": "1,6", "45,23": "1,5", "53,14": "1,5", "23,18": "2,4", "20,24": "0,5", "32,26": "0,5", "32,25": "0,5", "37,25": "2,5", "20,26": "0,5", "44,14": "1,6", "32,24": "0,5", "41,14": "1,6", "37,24": "2,5", "45,21": "1,4", "25,26": "0,5", "44,24": "1,5", "17,25": "1,4", "5,26": "1,5", "32,14": "2,5", "52,13": "1,4", "41,24": "0,5", "21,23": "1,5", "12,25": "1,4", "0,26": "1,5", "31,6": "1,6", "18,25": "2,4", "9,7": "1,6", "26,5": "1,4", "38,14": "0,6", "44,25": "1,5", "32,15": "2,5", "21,22": "1,5", "41,25": "0,5", "9,6": "1,4", "41,26": "0,5", "21,21": "1,5", "45,13": "1,4", "33,23": "1,5", "40,13": "1,4", "36,23": "1,5", "32,16": "2,6", "44,26": "1,5", "31,5": "1,4", "33,22": "1,4", "12,26": "1,5", "0,25": "1,4", "21,20": "1,5", "17,26": "1,5", "5,25": "1,4", "36,22": "1,4", "26,6": "1,6", "18,26": "2,5", "9,25": "1,4", "29,15": "1,5", "25,5": "0,4", "6,25": "1,4", "14,26": "1,5", "35,22": "1,4", "32,6": "2,6", "26,15": "0,5", "22,20": "1,5", "3,25": "1,4", "11,26": "1,5", "29,14": "1,5", "35,23": "1,5", "43,13": "1,4", "31,16": "1,6", "22,21": "1,5", "42,26": "1,5", "46,13": "2,4", "26,14": "0,5", "16,4": "0,4", "11,24": "19,17", "42,25": "1,5", "22,22": "1,5", "31,15": "1,5", "29,16": "1,6", "25,6": "0,6", "16,5": "0,6", "9,26": "1,5", "28,23": "19,16", "3,26": "1,5", "54,13": "2,4", "11,25": "1,4", "22,23": "1,5", "42,24": "1,5", "26,16": "0,6", "32,5": "2,4", "51,13": "1,4", "6,26": "1,5", "31,14": "1,5", "14,25": "1,4", "27,23": "18,16", "34,24": "1,5", "42,14": "1,6", "26,26": "1,5", "46,21": "2,4", "43,21": "1,4", "23,26": "2,5", "35,11": "9,5", "27,13": "1,4", "20,4": "1,4", "29,26": "1,5", "13,7": "1,6", "9,16": "0,4", "28,13": "1,4", "34,25": "1,5", "35,10": "9,5", "20,5": "1,6", "28,6": "1,6", "13,6": "1,4", "9,17": "0,6", "43,23": "1,5", "23,24": "2,5", "20,18": "0,4", "14,17": "2,6", "11,17": "1,6", "34,26": "1,5", "30,13": "1,4", "50,14": "0,5", "46,23": "2,5", "28,5": "1,4", "14,16": "2,4", "35,12": "9,6", "10,23": "18,16", "20,19": "0,5", "23,25": "2,5", "43,22": "1,5", "50,15": "0,6", "46,22": "2,5", "26,25": "1,4", "11,16": "1,4", "29,25": "1,4", "28,24": "19,17", "30,6": "1,6", "35,26": "1,5", "10,17": "1,6", "31,13": "1,4", "27,5": "1,4", "51,14": "1,5", "27,24": "18,17", "14,6": "2,4", "54,14": "2,5", "8,7": "0,6", "21,18": "1,4", "42,23": "1,5", "22,24": "1,5", "30,26": "2,5", "28,25": "1,4", "51,15": "1,6", "27,25": "1,4", "14,7": "2,6", "10,16": "1,4", "8,6": "0,4", "11,23": "19,16", "54,15": "2,6", "22,25": "1,5", "42,22": "1,5", "21,19": "1,5", "29,13": "1,4", "28,26": "1,5", "42,21": "1,4", "22,26": "1,5", "26,13": "0,4", "46,14": "2,6", "35,24": "1,5", "43,14": "1,6", "27,26": "1,5", "30,5": "1,4", "30,25": "2,4", "27,6": "1,6", "35,25": "1,5", "30,15": "1,5", "46,25": "2,5", "11,7": "1,6", "19,4": "1,4", "22,4": "2,4", "10,24": "18,17", "43,25": "1,5", "23,22": "2,5", "15,25": "1,4", "50,13": "0,4", "30,14": "1,5", "7,26": "1,5", "46,24": "2,5", "10,25": "1,4", "2,26": "1,5", "23,23": "2,5", "43,24": "1,5", "27,16": "1,6", "19,5": "1,6", "11,6": "1,4", "22,5": "2,6", "8,26": "1,5", "28,16": "1,6", "27,15": "1,5", "23,20": "2,5", "10,26": "1,5", "2,25": "1,4", "15,26": "1,5", "7,25": "1,4", "34,22": "1,4", "28,15": "1,5", "8,25": "1,4", "23,21": "2,5", "43,26": "1,5", "27,14": "1,5", "34,23": "1,5", "42,13": "1,4", "46,26": "2,5", "30,16": "1,6", "28,14": "1,5" }, "KEEP_POWERUP": 0.000000, "OBJECTS": { "34,3": "COIN", "21,15": "QUESTION BLOCK", "44,10": "MULTICOIN BLOCK", "41,10": "BRICK", "36,3": "COIN", "40,6": "COIN", "40,5": "COIN", "39,5": "COIN", "17,3": "RED KOOPA", "40,10": "BRICK", "39,4": "COIN", "45,10": "BRICK", "38,3": "COIN", "43,10": "MULTICOIN BLOCK", "44,18": "QUESTION BLOCK", "35,3": "COIN", "19,1": "QUESTION BLOCK", "28,4": "RED KOOPA", "38,4": "COIN", "37,3": "COIN", "41,7": "COIN", "42,10": "BRICK", "41,6": "COIN", "11,4": "MARIO" }, "HEIGHT": 27.000000, "MARKERS": { "9,4": "DOOR", "25,4": "RIGHT", "32,4": "LEFT", "35,20": "LOCKED DOOR", "28,11": "DOOR", "9,14": "DOOR", "22,3": "LEFT", "10,23": "WARP TOP", "16,3": "RIGHT", "27,25": "UP", "10,25": "WARP MARKER" }, "MUSIC": "LAND", "MODIFIERS": { "21,15": "FIRE FLOWER", "9,4": "DESTINATION:DOORTHREE", "35,21": "TEXT:DOORONE", "44,18": "KEY", "27,23": "DESTINATION:PIPEONE", "19,1": "FIRE FLOWER", "28,11": "DESTINATION:DOORONE", "9,14": "TEXT:DOORTWO,CASTLE", "10,25": "TEXT:PIPEONE" } } }
