{ "BONUS": { "CLASSIC_SCROLL": 0.000000, "TILES_BG": { }, "BACKGROUND": "BONUS", "WIDTH": 192.000000, "RAIN": 0.000000, "TILES": { }, "KEEP_POWERUP": 0.000000, "OBJECTS": { "18,12": "BUMP BLOCK", "21,14": "COIN", "25,21": "BUMP BLOCK", "20,21": "BUMP BLOCK", "24,14": "COIN", "17,12": "BUMP BLOCK", "18,13": "COIN", "25,20": "COIN", "21,15": "COIN", "24,15": "COIN", "17,13": "COIN", "20,20": "COIN", "24,16": "COIN", "21,16": "COIN", "15,19": "COIN", "24,17": "COIN", "15,18": "COIN", "21,17": "COIN", "17,21": "BUMP BLOCK", "20,12": "BUMP BLOCK", "13,14": "BUMP BLOCK", "25,12": "BUMP BLOCK", "16,14": "COIN", "18,21": "BUMP BLOCK", "19,14": "COIN", "20,13": "COIN", "13,15": "BUMP BLOCK", "17,20": "COIN", "25,13": "COIN", "16,15": "COIN", "18,20": "COIN", "19,15": "COIN", "16,16": "COIN", "22,19": "COIN", "27,19": "BUMP BLOCK", "13,16": "BUMP BLOCK", "19,16": "COIN", "22,18": "COIN", "16,17": "COIN", "13,17": "BUMP BLOCK", "27,18": "BUMP BLOCK", "19,17": "COIN", "18,16": "COIN", "26,19": "COIN", "17,16": "COIN", "23,19": "COIN", "18,17": "COIN", "26,18": "COIN", "23,18": "COIN", "17,17": "COIN", "18,14": "COIN", "19,21": "BUMP BLOCK", "24,12": "BUMP BLOCK", "17,14": "COIN", "13,21": "BUMP BLOCK", "16,21": "BUMP BLOCK", "21,12": "BUMP BLOCK", "18,15": "COIN", "19,20": "COIN", "13,20": "BUMP BLOCK", "24,13": "COIN", "17,15": "COIN", "21,13": "COIN", "16,20": "COIN", "20,16": "COIN", "14,19": "COIN", "25,16": "COIN", "14,18": "COIN", "20,17": "COIN", "25,17": "COIN", "21,21": "BUMP BLOCK", "25,14": "COIN", "16,12": "BUMP BLOCK", "20,14": "COIN", "13,12": "BUMP BLOCK", "24,21": "BUMP BLOCK", "19,12": "BUMP BLOCK", "25,15": "COIN", "16,13": "COIN", "21,20": "COIN", "24,20": "COIN", "20,15": "COIN", "13,13": "BUMP BLOCK", "19,13": "COIN", "27,20": "BUMP BLOCK", "23,15": "COIN", "15,13": "COIN", "26,15": "COIN", "22,20": "COIN", "23,14": "COIN", "27,21": "BUMP BLOCK", "22,21": "BUMP BLOCK", "15,12": "BUMP BLOCK", "26,14": "COIN", "18,18": "COIN", "26,17": "COIN", "17,18": "COIN", "23,17": "COIN", "18,19": "COIN", "26,16": "COIN", "23,16": "COIN", "17,19": "COIN", "22,13": "COIN", "15,20": "COIN", "14,15": "COIN", "27,13": "BUMP BLOCK", "15,21": "BUMP BLOCK", "22,12": "BUMP BLOCK", "14,14": "COIN", "27,12": "BUMP BLOCK", "20,18": "COIN", "14,17": "COIN", "25,18": "COIN", "14,16": "COIN", "20,19": "COIN", "25,19": "COIN", "24,18": "COIN", "21,18": "COIN", "15,17": "COIN", "24,19": "COIN", "15,16": "COIN", "21,19": "COIN", "15,15": "COIN", "26,13": "COIN", "23,13": "COIN", "14,20": "COIN", "15,14": "COIN", "26,12": "BUMP BLOCK", "14,21": "BUMP BLOCK", "23,12": "BUMP BLOCK", "16,18": "COIN", "22,17": "COIN", "27,17": "BUMP BLOCK", "13,18": "BUMP BLOCK", "19,18": "COIN", "22,16": "COIN", "16,19": "COIN", "13,19": "BUMP BLOCK", "27,16": "BUMP BLOCK", "19,19": "COIN", "14,13": "COIN", "27,15": "BUMP BLOCK", "23,20": "COIN", "26,20": "COIN", "22,15": "COIN", "23,21": "BUMP BLOCK", "14,12": "BUMP BLOCK", "27,14": "BUMP BLOCK", "22,14": "COIN", "26,21": "BUMP BLOCK" }, "HEIGHT": 27.000000, "MARKERS": { "15,19": "DOOR" }, "MUSIC": "LAND", "MODIFIERS": { "15,19": "DESTINATION:BONUS_ENTRANCE", "15,20": "TEXT:BONUS_EXIT,DUNGEON" } }, "NINJA_HIDEOUT": { "CLASSIC_SCROLL": 0.000000, "TILES_BG": { }, "BACKGROUND": "FOREST", "WIDTH": 192.000000, "RAIN": 0.000000, "TILES": { "39,16": "34,24", "19,26": "34,19", "39,17": "34,24", "16,26": "34,19", "25,20": "34,19", "13,26": "34,19", "20,20": "34,19", "1,26": "34,19", "0,13": "34,23", "4,26": "34,19", "32,20": "34,19", "0,12": "34,24", "0,22": "34,24", "39,25": "34,24", "17,20": "34,19", "24,26": "34,19", "0,23": "34,24", "12,20": "34,19", "21,26": "34,19", "18,20": "34,19", "39,24": "34,24", "0,20": "34,24", "5,20": "34,19", "0,21": "34,24", "33,26": "34,19", "36,26": "34,19", "39,26": "34,24", "4,20": "34,19", "0,15": "34,23", "1,20": "34,19", "38,26": "34,19", "37,26": "34,19", "0,14": "34,23", "32,26": "34,19", "0,17": "34,23", "19,20": "34,19", "13,20": "34,19", "20,26": "34,19", "0,16": "34,23", "16,20": "34,19", "25,26": "34,19", "5,26": "34,19", "0,26": "34,24", "39,21": "34,24", "33,20": "34,19", "39,20": "34,24", "0,24": "34,24", "39,23": "34,24", "12,26": "34,19", "0,25": "34,24", "21,20": "34,19", "17,26": "34,19", "24,20": "34,19", "39,22": "34,24", "18,26": "34,19", "28,20": "34,19", "27,20": "34,19", "14,26": "34,19", "22,20": "34,19", "0,19": "34,24", "11,26": "34,19", "0,18": "34,23", "30,20": "34,19", "35,20": "34,19", "9,26": "34,19", "3,26": "34,19", "6,26": "34,19", "26,26": "34,19", "15,20": "34,19", "23,26": "34,19", "10,20": "34,19", "29,26": "34,19", "31,26": "34,19", "34,26": "34,19", "2,20": "34,19", "7,20": "34,19", "8,20": "34,19", "35,26": "34,19", "30,26": "34,19", "9,20": "34,19", "6,20": "34,19", "3,20": "34,19", "28,26": "34,19", "39,18": "34,24", "22,26": "34,19", "11,20": "34,19", "27,26": "34,19", "14,20": "34,19", "39,19": "34,24", "34,20": "34,19", "31,20": "34,19", "7,26": "34,19", "2,26": "34,19", "8,26": "34,19", "23,20": "34,19", "10,26": "34,19", "26,20": "34,19", "15,26": "34,19", "29,20": "34,19" }, "KEEP_POWERUP": 0.000000, "OBJECTS": { "13,25": "NINJI", "5,23": "CHECKPOINT", "21,25": "NINJI", "25,25": "NINJI", "17,25": "NINJI", "9,25": "NINJI", "29,25": "NINJI", "35,25": "NINJI" }, "HEIGHT": 27.000000, "MARKERS": { "2,24": "DOOR" }, "MUSIC": "LAND", "MODIFIERS": { } }, "DUNGEON": { "CLASSIC_SCROLL": 0.000000, "TILES_BG": { }, "BACKGROUND": "CAVE", "WIDTH": 110.000000, "RAIN": 0.000000, "TILES": { "19,27": "1,13", "100,22": "1,13", "89,7": "1,13", "104,17": "1,13", "66,7": "1,13", "28,28": "1,13", "101,17": "1,13", "36,7": "1,13", "105,22": "1,13", "79,7": "1,13", "22,28": "1,13", "42,7": "1,13", "72,15": "1,12", "96,7": "1,13", "0,8": "1,13", "71,29": "1,13", "0,11": "1,13", "37,23": "50,6", "76,20": "2,13", "16,27": "1,13", "4,24": "19,17", "90,23": "0,13", "60,17": "7,14", "85,28": "1,13", "2,18": "2,13", "13,27": "1,13", "73,20": "1,13", "1,24": "1,13", "80,28": "1,13", "101,7": "1,13", "29,7": "1,13", "27,28": "1,13", "12,7": "1,13", "51,18": "14,26", "74,29": "1,13", "89,6": "1,13", "68,8": "1,14", "87,8": "1,14", "53,8": "1,14", "104,16": "1,13", "66,6": "1,13", "58,25": "1,12", "79,21": "1,12", "100,23": "1,13", "19,26": "1,13", "105,23": "1,13", "39,17": "7,14", "38,8": "1,14", "28,29": "1,13", "101,16": "1,13", "36,6": "1,13", "90,22": "0,13", "4,25": "1,12", "16,26": "1,13", "76,21": "3,14", "85,29": "1,13", "98,8": "1,14", "79,6": "1,13", "22,29": "1,13", "0,10": "1,13", "57,25": "1,12", "0,9": "1,13", "71,28": "1,13", "42,6": "1,13", "96,6": "1,13", "77,8": "1,14", "29,6": "1,13", "27,29": "1,13", "87,20": "50,7", "101,6": "1,13", "52,25": "0,12", "74,28": "1,13", "27,8": "1,14", "12,6": "1,13", "36,17": "7,14", "1,25": "1,13", "73,21": "1,13", "13,26": "1,13", "2,19": "2,13", "80,29": "1,13", "101,15": "1,13", "102,29": "1,13", "88,23": "49,28", "30,8": "1,14", "69,29": "1,13", "105,20": "1,13", "19,25": "1,12", "100,20": "1,13", "79,22": "1,13", "98,28": "1,13", "104,15": "1,13", "58,26": "1,13", "107,29": "1,13", "55,6": "1,13", "81,6": "1,13", "60,8": "1,14", "43,18": "14,26", "66,29": "1,13", "1,26": "1,13", "10,19": "0,12", "13,25": "1,13", "73,22": "1,13", "107,8": "1,13", "52,26": "0,13", "92,28": "1,13", "21,6": "1,13", "14,8": "1,14", "109,6": "1,13", "87,23": "48,28", "57,26": "1,13", "108,29": "1,13", "0,13": "1,13", "97,28": "1,13", "72,17": "1,13", "90,8": "1,14", "44,8": "1,14", "71,6": "1,13", "82,23": "49,28", "6,7": "1,13", "46,18": "14,26", "63,29": "1,13", "4,26": "1,13", "90,21": "0,12", "76,22": "1,13", "30,28": "1,13", "16,25": "1,13", "69,28": "1,13", "105,21": "1,13", "102,28": "1,13", "101,14": "1,13", "88,22": "49,27", "58,27": "1,13", "107,28": "1,13", "98,29": "1,13", "104,14": "1,13", "55,7": "1,13", "81,7": "1,13", "100,21": "1,13", "79,23": "1,13", "19,24": "36,27", "92,29": "1,13", "52,27": "0,13", "107,9": "1,13", "87,22": "48,27", "109,7": "1,13", "21,7": "1,13", "66,28": "1,13", "73,23": "1,13", "13,24": "1,13", "1,27": "1,13", "63,28": "1,13", "30,29": "1,13", "16,24": "1,13", "76,23": "1,13", "4,27": "1,13", "97,29": "1,13", "72,16": "1,13", "0,12": "1,13", "8,8": "1,14", "57,27": "1,13", "108,28": "1,13", "6,6": "1,13", "82,22": "49,27", "71,7": "1,13", "77,26": "1,13", "17,21": "1,12", "17,6": "1,13", "22,8": "1,14", "91,25": "1,13", "19,8": "1,14", "24,27": "1,13", "104,6": "1,13", "83,27": "1,13", "1,17": "1,13", "10,28": "1,13", "86,27": "1,13", "15,28": "1,13", "33,25": "1,12", "12,21": "1,13", "72,26": "1,13", "108,18": "1,13", "57,17": "7,14", "94,25": "1,12", "72,8": "1,14", "93,6": "1,13", "0,22": "1,13", "47,6": "1,13", "49,8": "1,14", "21,27": "1,13", "69,18": "1,13", "105,11": "1,13", "102,18": "1,13", "33,6": "1,13", "18,21": "2,12", "101,24": "1,13", "78,26": "1,13", "63,6": "1,13", "107,18": "1,13", "56,8": "1,14", "58,17": "7,14", "82,8": "1,14", "104,24": "1,13", "58,6": "1,13", "89,27": "1,13", "100,11": "1,13", "65,25": "1,12", "83,26": "1,13", "1,16": "1,13", "10,29": "1,13", "35,18": "14,26", "91,24": "1,13", "17,7": "1,13", "17,20": "42,31", "77,27": "1,13", "104,7": "1,13", "24,26": "1,13", "93,7": "1,13", "0,23": "1,13", "47,7": "1,13", "108,19": "1,13", "72,27": "1,13", "5,8": "1,14", "12,20": "1,13", "21,26": "1,13", "60,25": "1,12", "86,26": "1,13", "15,29": "1,13", "101,25": "1,13", "78,27": "1,13", "33,7": "1,13", "102,19": "1,13", "69,19": "1,13", "105,10": "1,13", "89,26": "1,13", "100,10": "1,13", "104,25": "1,13", "107,19": "1,13", "63,7": "1,13", "58,7": "1,13", "33,27": "1,13", "7,29": "1,13", "60,26": "1,13", "45,17": "7,14", "86,25": "3,14", "3,6": "1,13", "21,25": "1,12", "74,7": "1,13", "71,18": "1,13", "94,27": "1,13", "0,20": "1,13", "12,23": "1,13", "72,24": "1,13", "54,29": "1,13", "24,25": "1,12", "24,7": "1,13", "74,18": "1,13", "91,27": "1,13", "77,24": "1,13", "102,9": "1,13", "17,23": "1,13", "1,15": "1,13", "2,29": "1,13", "65,26": "1,13", "40,17": "7,14", "83,25": "1,12", "84,7": "1,13", "50,7": "1,13", "104,26": "1,13", "8,29": "1,13", "100,13": "1,13", "89,25": "1,12", "105,13": "1,13", "18,23": "2,13", "78,24": "1,13", "101,26": "1,13", "74,6": "1,13", "41,8": "1,14", "95,8": "1,14", "41,23": "50,6", "3,7": "1,13", "72,25": "1,13", "54,28": "1,13", "12,22": "1,13", "0,21": "1,13", "71,19": "1,13", "94,26": "1,13", "7,28": "1,13", "33,26": "1,13", "86,24": "2,13", "60,27": "1,13", "2,28": "1,13", "1,14": "1,13", "83,24": "50,29", "65,27": "1,13", "11,8": "1,14", "24,6": "1,13", "17,22": "1,13", "77,25": "1,13", "102,8": "1,13", "74,19": "1,13", "91,26": "1,13", "100,12": "1,13", "8,28": "1,13", "89,24": "50,29", "65,8": "1,14", "84,6": "1,13", "50,6": "1,13", "104,27": "1,13", "35,8": "1,14", "78,25": "1,13", "101,27": "1,13", "18,22": "2,13", "105,12": "1,13", "104,13": "1,13", "10,7": "1,13", "103,7": "1,13", "79,24": "1,13", "100,26": "1,13", "2,8": "3,12", "40,7": "1,13", "94,7": "1,13", "105,26": "1,13", "9,29": "1,13", "101,13": "1,13", "88,25": "1,12", "25,25": "1,12", "34,7": "1,13", "76,24": "1,13", "16,23": "1,13", "90,27": "1,13", "75,18": "1,13", "3,29": "1,13", "0,15": "1,13", "41,17": "7,14", "82,25": "1,12", "64,26": "1,13", "6,29": "1,13", "32,27": "1,13", "44,17": "7,14", "87,25": "1,12", "61,26": "1,13", "20,25": "1,12", "64,7": "1,13", "13,23": "1,13", "55,29": "1,13", "73,24": "1,13", "95,27": "1,13", "70,18": "1,13", "1,20": "1,13", "10,6": "1,13", "25,8": "1,14", "79,25": "1,13", "100,27": "1,13", "103,6": "1,13", "104,12": "1,13", "101,12": "1,13", "9,28": "1,13", "88,24": "49,29", "75,8": "1,14", "40,6": "1,13", "94,6": "1,13", "2,9": "2,13", "105,27": "1,13", "0,14": "1,13", "3,28": "1,13", "64,27": "1,13", "82,24": "49,29", "45,23": "50,6", "34,6": "1,13", "90,26": "1,13", "75,19": "1,13", "16,22": "1,13", "76,25": "1,13", "64,6": "1,13", "85,8": "1,14", "51,8": "1,14", "1,21": "1,13", "95,26": "1,13", "70,19": "1,13", "55,28": "1,13", "73,25": "1,13", "13,22": "1,13", "32,26": "1,13", "6,28": "1,13", "61,27": "1,13", "87,24": "48,29", "99,19": "0,13", "4,7": "1,13", "105,24": "1,13", "73,6": "1,13", "59,17": "7,14", "92,8": "1,14", "106,18": "1,13", "46,8": "1,14", "48,6": "1,13", "88,27": "1,13", "101,11": "1,13", "68,18": "1,13", "104,11": "1,13", "100,24": "1,13", "79,26": "1,13", "103,18": "1,13", "16,8": "1,14", "23,6": "1,13", "18,6": "1,13", "105,8": "1,13", "87,27": "1,13", "32,25": "1,12", "14,28": "1,13", "56,17": "7,14", "95,25": "1,12", "62,8": "1,14", "109,18": "1,13", "1,22": "1,13", "57,6": "1,13", "83,6": "1,13", "13,21": "3,14", "73,26": "1,13", "59,8": "1,14", "20,27": "1,13", "4,22": "19,16", "90,25": "5,14", "32,8": "1,14", "76,26": "1,13", "16,21": "1,12", "25,27": "1,13", "67,18": "0,13", "82,27": "1,13", "0,17": "1,13", "11,28": "1,13", "88,26": "1,13", "101,10": "1,13", "106,19": "1,13", "73,7": "1,13", "99,18": "0,13", "4,6": "1,13", "105,25": "1,13", "48,7": "1,13", "23,7": "1,13", "103,19": "1,13", "100,25": "1,13", "79,27": "1,13", "105,9": "1,13", "18,7": "1,13", "68,19": "1,13", "104,10": "1,13", "73,27": "1,13", "13,20": "2,13", "1,23": "1,13", "57,7": "1,13", "83,7": "1,13", "109,19": "1,13", "20,26": "1,13", "87,26": "1,13", "61,25": "1,12", "14,29": "1,13", "67,19": "0,13", "82,26": "1,13", "64,25": "1,12", "0,16": "1,13", "11,29": "1,13", "16,20": "41,31", "76,27": "1,13", "90,24": "0,13", "4,23": "19,17", "25,26": "1,13", "73,17": "1,13", "96,28": "1,13", "109,29": "1,13", "56,26": "1,13", "1,13": "1,13", "83,23": "50,28", "54,8": "1,14", "80,8": "1,14", "61,6": "1,13", "62,29": "1,13", "47,18": "14,26", "77,22": "1,13", "17,25": "1,13", "31,28": "1,13", "5,26": "1,13", "91,21": "1,12", "67,29": "1,13", "42,18": "14,26", "12,25": "1,13", "34,28": "2,13", "72,22": "1,13", "0,26": "1,13", "11,19": "1,12", "76,17": "2,13", "93,28": "1,13", "53,26": "1,13", "86,23": "2,13", "31,6": "1,13", "48,18": "14,26", "18,25": "3,14", "101,20": "1,13", "78,22": "1,13", "106,29": "1,13", "59,26": "1,13", "9,7": "1,13", "105,15": "1,13", "99,28": "1,13", "91,6": "1,13", "45,6": "1,13", "70,8": "1,14", "106,6": "1,13", "103,29": "1,13", "100,15": "1,13", "20,8": "1,14", "15,6": "1,13", "108,8": "1,13", "89,23": "50,28", "68,29": "1,13", "104,20": "1,13", "62,28": "1,13", "5,27": "1,13", "17,24": "1,13", "31,29": "1,13", "77,23": "1,13", "1,12": "1,13", "109,28": "1,13", "56,27": "1,13", "73,16": "1,13", "96,29": "1,13", "61,7": "1,13", "83,22": "50,27", "53,27": "1,13", "76,16": "2,13", "93,29": "1,13", "31,7": "1,13", "86,22": "2,13", "67,28": "1,13", "0,27": "1,13", "72,23": "1,13", "12,24": "1,13", "34,29": "2,13", "105,14": "1,13", "99,29": "1,13", "106,28": "1,13", "9,6": "1,13", "59,27": "1,13", "7,8": "1,14", "91,7": "1,13", "45,7": "1,13", "101,21": "1,13", "78,23": "1,13", "18,24": "2,13", "68,28": "1,13", "104,21": "1,13", "100,14": "1,13", "106,7": "1,13", "103,28": "1,13", "108,9": "1,13", "89,22": "50,27", "15,7": "1,13", "0,24": "1,13", "12,27": "1,13", "72,20": "1,13", "81,28": "1,13", "39,7": "1,13", "26,28": "1,13", "86,21": "2,12", "75,29": "1,13", "76,15": "2,12", "50,18": "14,26", "69,7": "1,13", "23,28": "1,13", "70,29": "1,13", "1,11": "1,13", "73,15": "1,12", "86,7": "1,13", "52,7": "1,13", "91,23": "1,13", "17,27": "1,13", "84,28": "1,13", "61,17": "8,14", "100,9": "1,13", "29,28": "1,13", "100,17": "1,13", "26,7": "1,13", "104,22": "1,13", "18,27": "1,13", "101,22": "1,13", "99,7": "1,13", "105,17": "1,13", "76,7": "1,13", "1,6": "1,13", "39,6": "1,13", "26,29": "1,13", "37,8": "1,14", "75,28": "1,13", "53,25": "1,12", "72,21": "1,13", "12,26": "1,13", "0,25": "1,13", "37,17": "7,14", "81,29": "1,13", "17,26": "1,13", "77,21": "1,12", "91,22": "1,13", "5,25": "1,12", "84,29": "1,13", "83,20": "50,7", "88,8": "1,14", "69,6": "1,13", "23,29": "1,13", "86,6": "1,13", "52,6": "1,13", "67,8": "1,14", "1,10": "1,13", "70,28": "1,13", "56,25": "1,12", "38,17": "7,14", "104,23": "1,13", "28,8": "1,14", "29,29": "1,13", "100,8": "1,13", "89,20": "50,7", "100,16": "1,13", "26,6": "1,13", "13,8": "1,14", "99,6": "1,13", "78,8": "1,14", "59,25": "1,12", "1,7": "1,13", "43,8": "1,14", "97,8": "1,14", "105,16": "1,13", "76,6": "1,13", "78,21": "1,12", "101,23": "1,13", "18,26": "1,13", "106,16": "1,13", "46,6": "1,13", "92,6": "1,13", "73,8": "1,14", "99,17": "0,13", "69,23": "1,13", "48,8": "1,14", "88,29": "1,13", "102,23": "1,13", "9,25": "1,13", "68,16": "1,13", "107,23": "1,13", "98,22": "19,16", "23,8": "1,14", "103,16": "1,13", "16,6": "1,13", "79,28": "1,13", "105,6": "1,13", "18,8": "1,14", "87,29": "1,13", "6,25": "1,12", "92,22": "2,13", "74,21": "1,13", "14,26": "1,13", "73,28": "1,13", "55,25": "1,12", "2,10": "2,13", "83,8": "1,14", "57,8": "1,14", "109,16": "1,13", "62,6": "1,13", "59,6": "1,13", "20,29": "1,13", "76,28": "1,13", "32,6": "1,13", "25,29": "1,13", "82,29": "1,13", "67,16": "0,13", "97,22": "18,16", "3,25": "1,12", "11,26": "1,13", "0,19": "1,13", "71,21": "1,13", "108,23": "1,13", "88,28": "1,13", "9,24": "1,13", "102,22": "1,13", "99,16": "0,13", "4,8": "1,14", "106,17": "1,13", "46,7": "1,13", "92,7": "1,13", "69,22": "1,13", "79,29": "1,13", "103,17": "1,13", "16,7": "1,13", "105,7": "1,13", "68,17": "1,13", "98,23": "19,17", "107,22": "1,13", "70,15": "1,12", "109,17": "1,13", "62,7": "1,13", "2,11": "2,13", "73,29": "1,13", "80,21": "2,12", "59,7": "1,13", "20,28": "1,13", "87,28": "1,13", "14,27": "1,13", "74,20": "1,13", "92,23": "2,13", "6,24": "42,30", "82,28": "1,13", "67,17": "0,13", "71,20": "1,13", "108,22": "1,13", "0,18": "1,13", "11,27": "1,13", "3,24": "18,17", "97,23": "18,17", "75,15": "1,12", "32,7": "1,13", "76,29": "1,13", "85,21": "1,12", "25,28": "1,13", "107,21": "1,13", "25,7": "1,13", "100,28": "1,13", "103,9": "1,13", "103,14": "1,13", "69,21": "1,13", "75,7": "1,13", "2,6": "1,13", "105,28": "1,13", "99,15": "0,13", "106,14": "1,13", "9,27": "1,13", "102,21": "1,13", "85,22": "1,13", "75,16": "1,13", "90,29": "1,13", "11,24": "1,13", "71,23": "1,13", "108,21": "1,13", "3,27": "1,13", "64,28": "1,13", "74,23": "1,13", "14,24": "1,13", "32,29": "1,13", "6,27": "1,13", "61,28": "1,13", "80,22": "2,13", "51,7": "1,13", "85,7": "1,13", "70,16": "1,13", "109,14": "1,13", "95,29": "1,13", "55,27": "1,13", "2,12": "2,13", "25,6": "1,13", "10,8": "1,14", "103,15": "1,13", "103,8": "1,13", "100,29": "1,13", "107,20": "1,13", "68,15": "1,12", "102,20": "1,13", "9,26": "1,13", "2,7": "1,13", "94,8": "1,14", "40,8": "1,14", "69,20": "1,13", "75,6": "1,13", "106,15": "1,13", "105,29": "1,13", "99,14": "0,13", "3,26": "1,13", "12,19": "1,12", "71,22": "1,13", "108,20": "1,13", "11,25": "1,13", "41,18": "14,26", "67,15": "0,12", "64,29": "1,13", "34,8": "1,14", "85,23": "1,13", "75,17": "1,13", "90,28": "1,13", "51,6": "1,13", "85,6": "1,13", "64,8": "1,14", "80,23": "2,13", "2,13": "2,13", "55,26": "1,13", "70,17": "1,13", "109,15": "1,13", "95,28": "1,13", "92,21": "2,12", "6,26": "1,13", "14,25": "1,13", "32,28": "1,13", "74,22": "1,13", "44,18": "14,26", "61,29": "1,13", "12,29": "1,13", "37,18": "14,26", "108,10": "1,13", "67,25": "5,14", "81,26": "1,13", "26,26": "1,13", "7,23": "0,13", "37,7": "1,13", "75,27": "1,13", "15,20": "40,31", "88,7": "1,13", "23,26": "1,13", "2,23": "2,13", "67,7": "1,13", "10,20": "0,13", "109,25": "1,13", "70,27": "1,13", "17,29": "1,13", "62,25": "1,12", "84,26": "1,13", "28,7": "1,13", "29,26": "1,13", "100,7": "1,13", "103,25": "1,13", "100,19": "1,13", "8,23": "1,13", "13,7": "1,13", "107,10": "1,13", "38,18": "14,26", "68,25": "1,13", "102,10": "1,13", "18,29": "1,13", "99,9": "0,13", "78,7": "1,13", "106,25": "1,13", "1,8": "1,13", "97,7": "1,13", "43,7": "1,13", "99,24": "0,13", "105,19": "1,13", "39,8": "1,14", "26,27": "1,13", "15,21": "1,12", "75,26": "1,13", "50,17": "7,14", "93,25": "1,12", "7,22": "0,13", "37,6": "1,13", "108,11": "1,13", "34,25": "2,12", "12,28": "1,13", "81,27": "1,13", "67,24": "0,13", "31,25": "1,12", "17,28": "1,13", "84,27": "1,13", "69,8": "1,14", "23,27": "1,13", "88,6": "1,13", "70,26": "1,13", "109,24": "1,13", "10,21": "5,14", "2,22": "2,13", "67,6": "1,13", "55,17": "6,14", "96,25": "1,12", "52,8": "1,14", "86,8": "1,14", "107,11": "1,13", "68,24": "1,13", "100,6": "1,13", "29,27": "1,13", "28,6": "1,13", "8,22": "1,13", "13,6": "1,13", "100,18": "1,13", "26,8": "1,14", "103,24": "1,13", "78,6": "1,13", "99,8": "5,12", "99,25": "5,14", "105,18": "1,13", "76,8": "1,14", "97,6": "1,13", "43,6": "1,13", "1,9": "1,13", "106,24": "1,13", "18,28": "1,13", "102,11": "1,13", "10,22": "1,13", "56,28": "1,13", "70,25": "1,13", "109,27": "1,13", "96,26": "1,13", "73,19": "1,13", "2,21": "2,13", "61,8": "1,14", "80,6": "1,13", "54,6": "1,13", "84,24": "0,13", "62,27": "1,13", "5,28": "1,13", "31,26": "1,13", "81,24": "48,29", "67,27": "1,13", "0,28": "1,13", "108,12": "1,13", "34,26": "2,13", "53,28": "1,13", "75,25": "1,13", "15,22": "1,13", "7,21": "0,12", "93,26": "1,13", "76,19": "2,13", "26,24": "0,12", "31,8": "1,14", "102,12": "1,13", "99,26": "1,13", "59,28": "1,13", "106,27": "1,13", "7,7": "1,13", "70,6": "1,13", "45,8": "1,14", "91,8": "1,14", "8,21": "1,12", "106,8": "1,13", "103,27": "1,13", "108,6": "1,13", "15,8": "1,14", "49,23": "50,6", "20,6": "1,13", "68,27": "1,13", "107,12": "1,13", "62,26": "1,13", "47,17": "7,14", "84,25": "5,14", "31,27": "1,13", "5,29": "1,13", "2,20": "2,13", "96,27": "1,13", "73,18": "1,13", "56,29": "1,13", "70,24": "1,13", "109,26": "1,13", "10,23": "1,13", "80,7": "1,13", "23,25": "1,12", "54,7": "1,13", "93,27": "1,13", "76,18": "2,13", "15,23": "1,13", "53,29": "1,13", "75,24": "1,13", "26,25": "5,14", "67,26": "1,13", "42,17": "7,14", "81,25": "1,12", "34,27": "2,13", "108,13": "1,13", "0,29": "1,13", "9,8": "1,14", "59,29": "1,13", "106,26": "1,13", "99,27": "1,13", "70,7": "1,13", "7,6": "1,13", "48,17": "7,14", "102,13": "1,13", "68,26": "1,13", "107,13": "1,13", "106,9": "1,13", "103,26": "1,13", "8,20": "6,26", "20,7": "1,13", "29,25": "1,12", "108,7": "1,13", "102,27": "1,13", "9,21": "1,12", "30,6": "1,13", "69,27": "1,13", "106,12": "1,13", "99,13": "0,13", "103,12": "1,13", "107,27": "1,13", "58,28": "1,13", "98,26": "1,13", "60,6": "1,13", "81,8": "1,14", "55,8": "1,14", "66,27": "1,13", "80,24": "2,13", "2,14": "2,13", "1,28": "1,13", "109,12": "1,13", "92,26": "1,13", "74,25": "1,13", "52,28": "0,13", "14,22": "1,13", "107,6": "1,13", "109,8": "1,13", "27,24": "2,12", "14,6": "1,13", "21,8": "1,14", "72,19": "1,13", "97,26": "1,13", "8,7": "1,13", "11,22": "1,13", "71,25": "1,13", "108,27": "1,13", "57,28": "1,13", "71,8": "1,14", "44,6": "1,13", "90,6": "1,13", "63,27": "1,13", "85,24": "1,13", "30,26": "1,13", "4,28": "1,13", "69,26": "1,13", "99,12": "0,13", "106,13": "1,13", "9,20": "8,26", "102,26": "1,13", "28,25": "1,12", "30,7": "1,13", "98,27": "1,13", "107,26": "1,13", "58,29": "1,13", "60,7": "1,13", "49,17": "7,14", "103,13": "1,13", "14,23": "1,13", "107,7": "1,13", "74,24": "1,13", "52,29": "0,13", "92,27": "1,13", "27,25": "3,14", "14,7": "1,13", "109,9": "1,13", "43,17": "7,14", "80,25": "3,14", "66,26": "1,13", "109,13": "1,13", "1,29": "1,13", "2,15": "2,13", "46,17": "7,14", "85,25": "1,13", "63,26": "1,13", "4,29": "1,13", "30,27": "1,13", "71,24": "1,13", "108,26": "1,13", "57,29": "1,13", "8,6": "1,13", "11,23": "1,13", "72,18": "1,13", "97,27": "1,13", "22,25": "1,12", "44,7": "1,13", "90,7": "1,13", "6,8": "1,14", "19,29": "1,13", "103,10": "1,13", "68,7": "1,13", "53,7": "1,13", "87,7": "1,13", "104,19": "1,13", "98,24": "19,17", "107,25": "1,13", "38,7": "1,13", "28,26": "1,13", "101,19": "1,13", "9,23": "1,13", "102,25": "1,13", "99,11": "0,13", "106,10": "1,13", "39,18": "14,26", "69,25": "1,13", "98,7": "1,13", "22,26": "1,13", "11,20": "1,13", "108,25": "1,13", "0,6": "1,13", "71,27": "1,13", "97,24": "18,17", "3,23": "18,17", "77,7": "1,13", "16,29": "1,13", "85,26": "1,13", "63,25": "1,12", "36,18": "14,26", "109,10": "1,13", "2,16": "2,13", "13,29": "1,13", "80,26": "1,13", "66,25": "1,12", "27,26": "1,13", "101,9": "1,13", "74,27": "1,13", "27,7": "1,13", "92,24": "2,13", "68,6": "1,13", "89,8": "1,14", "107,24": "1,13", "104,18": "1,13", "66,8": "1,14", "98,25": "1,12", "53,6": "1,13", "87,6": "1,13", "103,11": "1,13", "19,28": "1,13", "106,11": "1,13", "99,10": "0,13", "69,24": "1,13", "28,27": "1,13", "38,6": "1,13", "102,24": "1,13", "9,22": "1,13", "101,18": "1,13", "36,8": "1,14", "16,28": "1,13", "30,25": "1,12", "85,27": "1,13", "79,8": "1,14", "22,27": "1,13", "98,6": "1,13", "3,22": "18,16", "77,6": "1,13", "96,8": "1,14", "97,25": "1,12", "42,8": "1,14", "71,26": "1,13", "108,24": "1,13", "0,7": "1,13", "11,21": "1,13", "101,8": "1,13", "29,8": "1,14", "27,27": "1,13", "51,17": "8,14", "92,25": "3,14", "12,8": "1,14", "27,6": "1,13", "14,21": "1,12", "74,26": "1,13", "2,17": "2,13", "13,28": "1,13", "109,11": "1,13", "80,27": "1,13", "7,27": "1,13", "75,23": "1,13", "33,29": "1,13", "15,24": "1,13", "60,28": "1,13", "95,7": "1,13", "67,21": "0,13", "41,7": "1,13", "3,8": "1,14", "81,22": "48,27", "54,27": "1,13", "94,29": "1,13", "71,16": "1,13", "108,14": "1,13", "11,7": "1,13", "84,22": "0,13", "102,7": "1,13", "91,29": "1,13", "74,16": "1,13", "2,27": "1,13", "10,24": "1,13", "70,23": "1,13", "109,21": "1,13", "65,28": "1,13", "65,7": "1,13", "68,21": "1,13", "107,14": "1,13", "104,28": "1,13", "103,21": "1,13", "8,27": "1,13", "106,21": "1,13", "99,20": "0,13", "35,7": "1,13", "102,14": "1,13", "101,28": "1,13", "81,23": "48,28", "95,6": "1,13", "67,20": "0,13", "41,6": "1,13", "74,8": "1,14", "94,28": "1,13", "71,17": "1,13", "108,15": "1,13", "54,26": "1,13", "33,28": "1,13", "15,25": "1,13", "75,22": "1,13", "7,26": "1,13", "60,29": "1,13", "45,18": "14,26", "70,22": "1,13", "109,20": "1,13", "10,25": "1,13", "2,26": "1,13", "13,19": "2,12", "65,29": "1,13", "40,18": "14,26", "84,23": "0,13", "24,8": "1,14", "11,6": "1,13", "91,28": "1,13", "74,17": "1,13", "102,6": "1,13", "8,26": "1,13", "103,20": "1,13", "50,8": "1,14", "84,8": "1,14", "65,6": "1,13", "68,20": "1,13", "104,29": "1,13", "107,15": "1,13", "35,6": "1,13", "101,29": "1,13", "102,15": "1,13", "99,21": "0,13", "106,20": "1,13", "69,15": "1,12", "22,6": "1,13", "17,8": "1,14", "77,28": "1,13", "104,8": "1,13", "19,6": "1,13", "24,29": "1,13", "83,29": "1,13", "10,26": "1,13", "1,19": "1,13", "70,21": "1,13", "109,23": "1,13", "35,17": "6,14", "2,25": "3,14", "86,29": "1,13", "75,21": "1,13", "15,26": "1,13", "7,25": "5,14", "47,8": "1,14", "93,8": "1,14", "72,6": "1,13", "108,16": "1,13", "54,25": "1,12", "72,28": "1,13", "5,7": "1,13", "81,20": "50,7", "49,6": "1,13", "21,29": "1,13", "67,23": "0,13", "69,16": "1,13", "99,22": "0,13", "106,23": "1,13", "78,28": "1,13", "33,8": "1,14", "102,16": "1,13", "82,6": "1,13", "107,16": "1,13", "56,6": "1,13", "63,8": "1,14", "58,8": "1,14", "68,23": "1,13", "89,29": "1,13", "8,25": "1,13", "103,23": "1,13", "83,28": "1,13", "2,24": "2,13", "70,20": "1,13", "109,22": "1,13", "1,18": "1,13", "10,27": "1,13", "77,29": "1,13", "22,7": "1,13", "74,15": "1,12", "19,7": "1,13", "24,28": "1,13", "84,21": "0,12", "104,9": "1,13", "5,6": "1,13", "72,29": "1,13", "72,7": "1,13", "71,15": "1,12", "108,17": "1,13", "67,22": "0,13", "49,7": "1,13", "21,28": "1,13", "86,28": "1,13", "7,24": "0,13", "15,27": "1,13", "75,20": "1,13", "102,17": "1,13", "78,29": "1,13", "69,17": "1,13", "106,22": "1,13", "99,23": "0,13", "89,28": "1,13", "103,22": "1,13", "8,24": "1,13", "82,7": "1,13", "107,17": "1,13", "56,7": "1,13", "68,22": "1,13" }, "KEEP_POWERUP": 0.000000, "OBJECTS": { "61,22": "BRICK", "77,15": "TRIPLE HIDDEN BLOCK", "39,14": "BRICK", "49,18": "FALLING SPIKE", "65,15": "COIN", "40,24": "COIN", "45,24": "COIN", "88,22": "RED PIRANHA PLANT", "82,22": "RED PIRANHA PLANT", "66,18": "COIN", "59,22": "BRICK", "40,14": "BRICK", "66,19": "COIN", "36,24": "COIN", "45,14": "MULTICOIN BLOCK", "39,24": "COIN", "58,16": "RED KOOPA", "52,15": "COIN", "21,24": "GOOMBA", "53,15": "COIN", "44,16": "RED KOOPA", "58,22": "BRICK", "38,24": "COIN", "44,14": "BRICK", "41,14": "MULTICOIN BLOCK", "37,24": "COIN", "44,24": "COIN", "41,24": "COIN", "64,15": "COIN", "91,20": "RED KOOPA", "83,22": "RED PIRANHA PLANT", "89,22": "RED PIRANHA PLANT", "60,22": "QUESTION BLOCK", "40,13": "RED KOOPA", "61,16": "COIN", "85,20": "RED KOOPA", "43,13": "KEY", "50,24": "COIN", "48,24": "COIN", "41,18": "FALLING SPIKE", "42,24": "COIN", "66,20": "COIN", "62,15": "COIN", "47,24": "COIN", "37,18": "FALLING SPIKE", "42,14": "BRICK", "55,16": "COIN", "47,14": "BRICK", "23,24": "GOOMBA", "22,24": "GOOMBA", "54,15": "COIN", "46,14": "BRICK", "35,24": "COIN", "43,14": "HIDDEN BLOCK", "14,20": "RED KOOPA", "51,16": "COIN", "35,25": "TOUCH-START MOVING PLATFORM", "55,22": "CHECKPOINT", "46,24": "COIN", "63,15": "COIN", "45,18": "FALLING SPIKE", "43,24": "COIN", "49,24": "COIN", "31,22": "CHECKPOINT", "66,16": "COIN", "66,17": "COIN", "35,16": "RED KOOPA", "51,24": "COIN", "62,22": "BRICK" }, "HEIGHT": 30.000000, "MARKERS": { "5,22": "UP", "72,13": "LOCKED DOOR", "97,22": "WARP TOP", "3,25": "UP", "78,19": "DOOR", "97,25": "WARP MARKER", "51,25": "DOWN" }, "MUSIC": "SUBCON CAVE", "MODIFIERS": { "72,14": "TEXT:BONUS_ENTRANCE,BONUS", "60,22": "NINJA SUIT", "78,19": "DESTINATION:BONUS_EXIT", "43,14": "NINJA SUIT", "3,22": "DESTINATION:BATTLING", "97,25": "TEXT:CAVE_EXIT,MAIN" } }, "MAIN": { "CLASSIC_SCROLL": 0.000000, "TILES_BG": { "54,20": "50,7" }, "BACKGROUND": "WATERFALL", "WIDTH": 112.000000, "RAIN": 0.000000, "TILES": { "79,20": "11,5", "58,24": "11,4", "82,21": "12,5", "72,15": "11,4", "57,24": "11,4", "76,20": "11,5", "4,24": "11,4", "25,21": "12,2", "45,26": "10,5", "73,20": "11,5", "1,24": "11,4", "20,21": "11,2", "52,24": "11,4", "58,25": "11,5", "79,21": "11,5", "19,26": "11,5", "4,25": "11,5", "16,26": "11,5", "76,21": "11,5", "25,20": "12,1", "82,20": "12,5", "57,25": "11,5", "52,25": "11,5", "1,25": "11,5", "73,21": "11,5", "13,26": "11,5", "20,20": "11,2", "78,17": "11,4", "88,23": "12,5", "19,25": "11,5", "79,22": "11,5", "58,26": "11,5", "20,23": "11,2", "1,26": "11,5", "13,25": "11,5", "73,22": "11,5", "52,26": "11,5", "77,17": "11,4", "87,23": "11,5", "57,26": "11,5", "72,17": "11,5", "41,11": "12,31", "82,23": "11,5", "25,23": "12,2", "45,24": "10,4", "4,26": "11,5", "76,22": "11,5", "16,25": "11,5", "88,22": "12,4", "79,23": "11,5", "19,24": "11,4", "87,22": "11,4", "20,22": "11,2", "73,23": "11,5", "13,24": "11,4", "45,25": "10,5", "25,22": "12,2", "16,24": "11,4", "76,23": "11,5", "72,16": "11,5", "82,22": "13,6", "77,26": "11,5", "17,21": "11,2", "66,18": "10,5", "65,24": "11,4", "56,22": "37,29", "60,24": "11,4", "72,26": "11,5", "69,18": "11,5", "59,22": "40,29", "18,21": "11,5", "78,26": "11,5", "65,25": "11,5", "83,26": "11,5", "66,19": "10,5", "56,23": "37,30", "5,23": "9,15", "17,20": "11,1", "24,26": "11,5", "37,11": "12,31", "0,23": "6,24", "21,26": "11,5", "60,25": "11,5", "86,26": "11,5", "18,20": "11,4", "69,19": "11,5", "59,23": "40,30", "38,11": "12,31", "60,26": "11,5", "86,25": "11,5", "22,19": "11,4", "21,25": "11,5", "71,18": "11,5", "12,23": "6,23", "72,24": "11,5", "24,25": "11,5", "74,18": "11,5", "77,24": "11,5", "17,23": "11,2", "80,19": "11,4", "65,26": "11,5", "83,25": "11,5", "18,23": "11,5", "78,24": "11,5", "21,24": "11,4", "22,18": "44,28", "72,25": "11,5", "71,19": "11,5", "86,24": "11,5", "83,24": "11,5", "24,24": "11,4", "17,22": "11,2", "77,25": "11,5", "74,19": "11,5", "78,25": "11,5", "18,22": "11,5", "110,19": "32,28", "19,23": "11,5", "79,24": "11,5", "88,25": "12,5", "25,25": "11,5", "76,24": "11,5", "16,23": "11,2", "75,18": "11,5", "82,25": "11,5", "64,26": "11,5", "81,19": "11,4", "87,25": "11,5", "61,26": "11,5", "20,25": "11,5", "23,19": "12,1", "13,23": "9,15", "73,24": "11,5", "70,18": "11,5", "79,25": "11,5", "19,22": "11,5", "58,21": "39,28", "111,19": "32,28", "88,24": "12,5", "57,21": "38,28", "82,24": "11,5", "25,24": "11,4", "75,19": "11,5", "33,13": "12,31", "16,22": "11,2", "76,25": "11,5", "23,18": "9,15", "20,24": "11,4", "70,19": "11,5", "73,25": "11,5", "32,26": "12,5", "87,24": "11,5", "68,18": "11,5", "58,22": "39,29", "19,21": "11,5", "79,26": "11,5", "61,24": "11,4", "32,25": "12,5", "1,22": "19,7", "73,26": "11,5", "76,26": "11,5", "16,21": "11,1", "64,24": "11,4", "67,18": "11,5", "57,22": "38,29", "88,26": "12,5", "39,11": "12,31", "19,20": "11,4", "68,19": "11,5", "58,23": "39,30", "1,23": "8,24", "109,19": "31,28", "20,26": "11,5", "87,26": "11,5", "61,25": "11,5", "32,24": "12,4", "67,19": "11,5", "82,26": "11,5", "64,25": "11,5", "57,23": "38,30", "16,20": "9,7", "4,23": "19,15", "25,26": "11,5", "73,17": "11,5", "56,26": "11,5", "40,11": "12,31", "83,23": "11,5", "24,23": "11,5", "77,22": "11,5", "17,25": "11,5", "5,26": "11,5", "21,23": "11,5", "12,25": "11,5", "72,22": "11,5", "0,26": "11,5", "76,17": "11,4", "53,26": "11,5", "86,23": "11,5", "18,25": "11,5", "78,22": "11,5", "59,26": "11,5", "79,17": "12,4", "24,22": "11,5", "17,24": "11,4", "77,23": "11,5", "73,16": "11,5", "83,22": "11,4", "86,22": "11,4", "21,22": "11,5", "72,23": "11,5", "12,24": "11,4", "78,23": "11,5", "18,24": "11,4", "0,24": "11,4", "72,20": "11,5", "21,21": "11,5", "53,24": "11,4", "56,24": "11,4", "73,15": "11,4", "5,24": "11,4", "77,20": "11,5", "24,21": "11,5", "78,20": "11,5", "59,24": "11,4", "53,25": "11,5", "72,21": "11,5", "12,26": "11,5", "0,25": "11,5", "21,20": "11,5", "17,26": "11,5", "77,21": "11,5", "5,25": "11,5", "24,20": "11,4", "56,25": "11,5", "59,25": "11,5", "78,21": "11,5", "18,26": "11,5", "69,23": "11,5", "110,21": "32,29", "9,25": "11,5", "68,16": "11,5", "6,25": "11,5", "74,21": "11,5", "14,26": "11,5", "55,25": "11,5", "66,23": "10,5", "80,20": "11,5", "50,25": "11,5", "67,16": "11,5", "22,20": "11,5", "3,25": "11,5", "11,26": "11,5", "71,21": "11,5", "108,23": "10,5", "48,26": "11,5", "9,24": "11,4", "69,22": "11,5", "110,20": "32,29", "68,17": "11,5", "70,15": "11,4", "55,24": "11,4", "80,21": "11,5", "66,22": "10,5", "47,26": "11,5", "74,20": "11,5", "6,24": "11,4", "22,21": "11,5", "67,17": "11,5", "71,20": "11,5", "108,22": "10,4", "3,24": "11,4", "75,15": "12,4", "50,24": "11,4", "69,21": "11,5", "110,23": "11,5", "48,25": "11,5", "85,22": "11,4", "75,16": "12,5", "11,24": "11,4", "71,23": "11,5", "22,22": "11,5", "74,23": "11,5", "14,24": "11,4", "31,15": "12,31", "47,25": "11,5", "80,22": "11,5", "66,21": "10,5", "70,16": "11,5", "68,15": "11,4", "9,26": "11,5", "18,19": "43,28", "48,24": "11,4", "69,20": "11,5", "110,22": "11,4", "3,26": "11,5", "71,22": "11,5", "11,25": "11,5", "67,15": "11,4", "22,23": "11,5", "85,23": "11,5", "50,26": "11,5", "75,17": "13,6", "66,20": "10,5", "80,23": "11,5", "55,26": "11,5", "70,17": "11,5", "6,26": "11,5", "17,19": "19,15", "14,25": "11,5", "74,22": "11,5", "47,24": "11,4", "54,23": "18,17", "67,25": "11,5", "81,26": "11,5", "26,26": "11,5", "7,23": "6,24", "23,26": "11,5", "2,23": "6,23", "109,25": "11,5", "31,24": "11,4", "62,25": "11,5", "84,26": "11,5", "29,26": "11,5", "8,23": "7,24", "68,25": "11,5", "75,26": "11,5", "7,22": "19,7", "54,22": "18,17", "67,24": "11,5", "31,25": "11,5", "62,24": "11,4", "70,26": "11,5", "109,24": "11,5", "68,24": "11,5", "111,26": "11,5", "10,22": "19,7", "70,25": "11,5", "73,19": "11,5", "35,13": "12,31", "23,24": "11,4", "20,18": "9,15", "84,24": "11,5", "31,26": "11,5", "81,24": "11,5", "54,21": "18,16", "75,25": "11,5", "76,19": "11,5", "26,24": "11,4", "79,19": "13,6", "29,24": "11,4", "111,25": "11,5", "62,26": "11,5", "84,25": "11,5", "73,18": "11,5", "70,24": "11,5", "109,26": "11,5", "10,23": "7,24", "20,19": "11,1", "23,25": "11,5", "76,18": "11,5", "15,23": "19,15", "75,24": "11,5", "25,19": "9,15", "26,25": "11,5", "67,26": "11,5", "82,19": "12,4", "81,25": "11,5", "68,26": "11,5", "111,24": "11,5", "79,18": "12,5", "29,25": "11,5", "78,19": "11,5", "28,24": "11,4", "110,25": "11,5", "80,24": "11,5", "55,21": "19,16", "77,19": "11,5", "74,25": "11,5", "27,24": "11,4", "72,19": "11,5", "34,13": "12,31", "71,25": "11,5", "21,18": "43,28", "22,24": "11,4", "85,24": "11,5", "30,26": "11,5", "69,26": "11,5", "110,24": "11,5", "78,18": "11,5", "28,25": "11,5", "14,23": "9,15", "74,24": "11,5", "77,18": "11,5", "27,25": "11,5", "24,19": "9,7", "80,25": "11,5", "66,26": "11,5", "85,25": "11,5", "63,26": "11,5", "71,24": "11,5", "108,26": "10,5", "11,23": "8,24", "72,18": "11,5", "22,25": "11,5", "21,19": "11,4", "28,26": "11,5", "9,23": "7,24", "69,25": "11,5", "22,26": "11,5", "108,25": "10,5", "3,23": "9,15", "30,24": "11,4", "85,26": "11,5", "63,25": "11,5", "55,23": "19,17", "80,26": "11,5", "66,25": "11,5", "27,26": "11,5", "6,23": "6,23", "69,24": "11,5", "110,26": "11,5", "30,25": "11,5", "63,24": "11,4", "71,26": "11,5", "108,24": "10,5", "74,26": "11,5", "55,22": "19,17", "66,24": "15,6", "30,15": "12,31", "75,23": "11,5", "15,24": "11,4", "46,25": "11,5", "67,21": "11,5", "81,22": "11,5", "71,16": "11,5", "27,17": "12,31", "84,22": "11,4", "74,16": "11,5", "10,24": "11,4", "70,23": "11,5", "109,21": "32,29", "23,22": "12,2", "68,21": "11,5", "111,23": "11,5", "49,25": "11,5", "28,17": "12,31", "81,23": "11,5", "67,20": "11,5", "71,17": "11,5", "54,26": "11,5", "15,25": "11,5", "75,22": "11,5", "7,26": "11,5", "46,24": "11,4", "26,23": "19,15", "70,22": "11,5", "109,20": "32,29", "10,25": "11,5", "2,26": "11,5", "23,23": "12,2", "66,15": "10,4", "84,23": "11,5", "74,17": "11,5", "51,26": "11,5", "8,26": "11,5", "19,19": "44,28", "49,24": "11,4", "68,20": "11,5", "111,22": "11,4", "69,15": "11,4", "51,25": "11,5", "23,20": "12,2", "66,16": "10,5", "10,26": "11,5", "70,21": "11,5", "109,23": "11,5", "2,25": "11,5", "75,21": "11,5", "15,26": "11,5", "7,25": "11,5", "54,25": "11,5", "81,20": "11,5", "67,23": "11,5", "69,16": "11,5", "68,23": "11,5", "111,21": "32,29", "8,25": "11,5", "66,17": "10,5", "23,21": "12,2", "2,24": "11,4", "70,20": "11,5", "109,22": "11,4", "51,24": "11,4", "74,15": "11,4", "54,24": "11,4", "71,15": "11,4", "67,22": "11,5", "81,21": "11,5", "46,26": "11,5", "7,24": "11,4", "75,20": "11,5", "69,17": "11,5", "49,26": "11,5", "8,24": "11,4", "68,22": "11,5", "111,20": "32,29" }, "KEEP_POWERUP": 0.000000, "OBJECTS": { "38,9": "COIN", "65,17": "COIN", "38,8": "COIN", "65,16": "COIN", "65,15": "COIN", "40,24": "RED DONUT", "44,8": "COIN", "90,21": "RED PARAKOOPA", "77,16": "RED KOOPA", "65,14": "COIN", "41,10": "COIN", "37,10": "COIN", "38,10": "COIN", "36,24": "RED DONUT", "33,24": "RED DONUT", "39,24": "RED DONUT", "41,9": "COIN", "41,8": "COIN", "22,18": "COIN", "40,7": "COIN", "33,12": "COIN", "40,6": "COIN", "81,18": "RED KOOPA", "23,18": "COIN", "39,10": "COIN", "1,22": "MARIO", "46,9": "COIN", "38,24": "RED DONUT", "72,12": "CHECKPOINT", "37,24": "RED DONUT", "16,20": "COIN", "65,20": "COIN", "44,24": "RED DONUT", "41,24": "RED DONUT", "40,10": "COIN", "89,22": "TOUCH-START MOVING PLATFORM", "39,7": "COIN", "86,21": "RED KOOPA", "37,9": "COIN", "39,6": "COIN", "37,8": "COIN", "43,8": "COIN", "68,14": "COIN", "40,9": "COIN", "102,21": "RED PARAKOOPA", "67,14": "COIN", "18,19": "COIN", "40,8": "COIN", "42,24": "RED DONUT", "17,19": "COIN", "31,14": "COIN", "34,24": "RED DONUT", "39,9": "COIN", "37,7": "COIN", "39,8": "COIN", "37,6": "COIN", "10,21": "MULTICOIN BLOCK", "20,18": "COIN", "7,21": "BRICK", "45,8": "COIN", "8,21": "MULTICOIN BLOCK", "35,12": "COIN", "25,19": "COIN", "9,21": "BRICK", "21,18": "COIN", "24,19": "COIN", "34,12": "COIN", "38,7": "COIN", "48,21": "CHECKPOINT", "42,9": "COIN", "35,24": "RED DONUT", "65,19": "COIN", "38,6": "COIN", "11,21": "BRICK", "65,18": "COIN", "41,7": "COIN", "47,10": "COIN", "66,14": "COIN", "69,14": "COIN", "41,6": "COIN", "30,14": "COIN", "96,21": "RED PARAKOOPA", "43,24": "RED DONUT", "27,16": "COIN", "19,19": "COIN", "28,16": "COIN" }, "HEIGHT": 27.000000, "MARKERS": { "95,21": "LEFT", "90,21": "RIGHT", "59,22": "CLOCKWISE", "58,22": "CLOCKWISE", "101,21": "LEFT", "60,22": "CLOCKWISE", "110,20": "DOOR", "107,22": "DOWN", "107,21": "LEFT", "102,21": "RIGHT", "54,21": "WARP TOP", "96,21": "RIGHT", "54,24": "WARP MARKER" }, "MUSIC": "LAND", "MODIFIERS": { "58,21": "DESTINATION:CAVE_EXIT", "110,20": "TEXT:FINISH,TEMP_FINISH", "54,24": "TEXT:BATTLING,DUNGEON" } }, "TEMP_FINISH": { "CLASSIC_SCROLL": 0.000000, "TILES_BG": { }, "BACKGROUND": "CLASSIC", "WIDTH": 192.000000, "RAIN": 0.000000, "TILES": { "20,21": "18,31", "18,13": "18,31", "12,13": "18,31", "17,13": "18,31", "20,20": "18,31", "20,23": "18,31", "5,13": "18,31", "19,24": "18,31", "20,22": "18,31", "13,24": "18,31", "16,24": "18,31", "5,22": "18,31", "20,13": "18,31", "5,23": "18,31", "5,20": "18,31", "5,21": "18,31", "5,15": "18,31", "20,24": "18,31", "5,14": "18,31", "5,17": "18,31", "5,16": "18,31", "20,16": "18,31", "17,24": "18,31", "20,17": "18,31", "12,24": "18,31", "18,24": "18,31", "20,14": "18,31", "5,24": "18,31", "16,13": "18,31", "20,15": "18,31", "13,13": "18,31", "19,13": "18,31", "5,19": "18,31", "10,13": "18,31", "15,13": "18,31", "9,24": "18,31", "5,18": "18,31", "6,24": "18,31", "11,24": "18,31", "14,24": "18,31", "8,13": "18,31", "7,13": "18,31", "9,16": "18,31", "20,18": "18,31", "20,19": "18,31", "10,16": "18,31", "8,16": "18,31", "15,24": "18,31", "10,24": "18,31", "6,13": "18,31", "9,13": "18,31", "14,13": "18,31", "11,13": "18,31", "7,24": "18,31", "8,24": "18,31" }, "KEEP_POWERUP": 0.000000, "OBJECTS": { "13,14": "FLAGPOLE", "17,23": "END CASTLE" }, "HEIGHT": 27.000000, "MARKERS": { "9,14": "DOOR" }, "MUSIC": "LAND", "MODIFIERS": { "9,14": "DESTINATION:FINISH" } } }
