{ "SKY": { "CLASSIC_SCROLL": 0.000000, "TILES_BG": { "41,13": "50,7", "41,12": "50,7", "43,12": "50,7", "43,13": "50,7", "42,12": "50,7", "42,13": "50,7" }, "BACKGROUND": "CLOUDS", "WIDTH": 192.000000, "RAIN": 0.000000, "TILES": { "36,16": "3,31", "1,24": "19,17", "4,25": "3,31", "72,14": "49,6", "1,25": "19,17", "1,26": "19,17", "73,23": "50,6", "25,22": "3,31", "0,22": "18,16", "17,20": "4,31", "0,23": "18,17", "12,20": "2,31", "12,23": "4,31", "1,22": "19,16", "13,20": "3,31", "1,23": "19,17", "16,20": "3,31", "0,26": "18,17", "24,22": "3,31", "72,23": "50,6", "0,24": "18,17", "37,16": "3,31", "41,26": "14,25", "38,16": "4,31", "0,25": "18,17", "5,25": "3,31", "73,14": "49,6", "6,25": "4,31", "3,25": "3,31", "42,26": "14,25", "34,16": "2,31", "28,22": "4,31", "71,23": "50,6", "22,22": "2,31", "27,22": "3,31", "15,20": "3,31", "49,23": "49,6", "10,23": "3,31", "48,23": "49,6", "11,23": "3,31", "9,23": "2,31", "50,23": "49,6", "14,20": "3,31", "26,22": "3,31", "23,22": "3,31", "2,25": "2,31", "71,14": "49,6", "43,26": "14,25", "35,16": "3,31" }, "KEEP_POWERUP": 0.000000, "OBJECTS": { "25,21": "RED KOOPA", "21,15": "COIN", "82,20": "RED PARAKOOPA", "57,25": "RED PARAKOOPA", "15,19": "RED KOOPA", "91,15": "BUMP BLOCK", "24,17": "COIN", "46,19": "COIN", "16,24": "RED PARAKOOPA", "94,15": "BUMP BLOCK", "44,21": "COIN", "37,12": "MULTICOIN BLOCK", "19,16": "COIN", "35,9": "COIN", "5,21": "QUESTION BLOCK", "78,25": "RED PARAKOOPA", "18,17": "COIN", "36,13": "CHECKPOINT", "31,19": "RED PARAKOOPA", "32,8": "COIN", "45,20": "COIN", "41,14": "FALLING PLATFORM", "32,9": "COIN", "20,16": "COIN", "76,17": "RED PARAKOOPA", "95,15": "BUMP BLOCK", "65,21": "RED PARAKOOPA", "90,15": "BUMP BLOCK", "60,23": "RED PARAKOOPA", "20,15": "COIN", "29,15": "COIN", "29,14": "COIN", "27,21": "SUPER SPRING", "67,17": "RED PARAKOOPA", "34,9": "COIN", "93,15": "BUMP BLOCK", "23,17": "COIN", "96,15": "BUMP BLOCK", "48,24": "TOUCH-START MOVING PLATFORM", "34,8": "COIN", "23,16": "COIN", "30,11": "COIN", "74,12": "RED PARAKOOPA", "46,20": "COIN", "30,10": "COIN", "35,10": "COIN", "54,21": "RED PARAKOOPA", "30,13": "COIN", "30,12": "COIN", "31,9": "COIN", "68,26": "RED PARAKOOPA", "24,18": "COIN", "29,13": "COIN", "48,21": "COIN", "93,11": "QUESTION BLOCK", "3,22": "CHECKPOINT", "47,20": "COIN", "31,10": "COIN", "92,15": "BUMP BLOCK", "22,16": "COIN", "8,26": "RED PARAKOOPA", "22,15": "COIN", "33,8": "COIN", "80,14": "RED PARAKOOPA", "57,18": "RED PARAKOOPA", "85,14": "RED PARAKOOPA", "33,9": "COIN" }, "HEIGHT": 27.000000, "MARKERS": { "82,20": "RIGHT", "57,25": "RIGHT", "78,17": "LEFT", "16,24": "RIGHT", "76,12": "LEFT", "56,21": "LEFT", "78,25": "RIGHT", "31,19": "RIGHT", "0,26": "UP", "76,17": "RIGHT", "90,14": "END", "65,21": "RIGHT", "18,24": "LEFT", "93,0": "WARP MARKER", "60,23": "RIGHT", "59,25": "LEFT", "59,18": "LEFT", "67,17": "RIGHT", "74,12": "RIGHT", "70,26": "LEFT", "2,22": "UP", "54,21": "RIGHT", "68,26": "RIGHT", "74,24": "UP", "80,25": "LEFT", "33,19": "LEFT", "67,21": "LEFT", "8,26": "RIGHT", "49,24": "RIGHT", "74,14": "RIGHT", "84,20": "LEFT", "62,23": "LEFT", "10,26": "LEFT", "57,18": "RIGHT", "69,17": "LEFT" }, "MUSIC": "LAND", "MODIFIERS": { "0,22": "DESTINATION:PIPE2", "5,21": "GREEN YOSHI", "93,0": "TEXT:VINE,MAIN", "93,11": "BEANSTALK" } }, "MAIN": { "CLASSIC_SCROLL": 0.000000, "TILES_BG": { "60,17": "39,25", "58,17": "39,25", "56,17": "39,25", "64,17": "39,25", "62,17": "39,25", "66,17": "39,25" }, "BACKGROUND": "CASTLE GARDEN", "WIDTH": 192.000000, "RAIN": 0.000000, "TILES": { "73,0": "11,30", "77,9": "18,16", "57,24": "9,7", "45,26": "11,5", "83,0": "11,30", "40,26": "11,5", "139,24": "9,7", "58,25": "11,4", "19,26": "11,5", "133,25": "11,4", "136,25": "11,4", "4,25": "11,4", "16,26": "11,5", "57,25": "11,4", "52,25": "11,4", "1,25": "11,4", "13,26": "11,5", "139,25": "11,4", "136,26": "11,5", "133,26": "11,5", "19,25": "11,4", "58,26": "11,5", "139,26": "11,5", "40,24": "9,7", "1,26": "11,5", "13,25": "11,4", "52,26": "11,5", "57,26": "11,5", "4,26": "11,5", "16,25": "11,4", "40,25": "11,4", "45,25": "11,4", "77,26": "11,5", "91,25": "11,4", "86,1": "11,30", "36,25": "11,4", "60,24": "19,7", "33,25": "11,4", "72,26": "11,5", "94,25": "11,4", "39,25": "11,4", "78,26": "11,5", "104,24": "19,7", "65,25": "11,4", "83,26": "11,5", "86,0": "11,30", "91,24": "19,7", "24,26": "11,5", "21,26": "11,5", "60,25": "11,4", "86,26": "11,5", "33,24": "19,7", "101,25": "11,4", "76,0": "11,30", "140,26": "11,5", "89,26": "11,5", "145,26": "11,5", "104,25": "11,4", "76,11": "11,30", "60,26": "11,5", "86,25": "11,4", "21,25": "11,4", "72,24": "9,7", "24,25": "11,4", "86,3": "11,30", "73,11": "11,30", "65,26": "11,5", "83,25": "11,4", "104,26": "11,5", "79,11": "11,30", "145,25": "11,4", "89,25": "11,4", "140,25": "11,4", "101,26": "11,5", "78,24": "19,7", "21,24": "9,7", "82,11": "11,30", "72,25": "11,4", "94,26": "11,5", "33,26": "11,5", "86,2": "11,30", "36,26": "11,5", "83,24": "19,7", "77,25": "11,4", "91,26": "11,5", "89,24": "9,7", "78,25": "11,4", "39,26": "11,5", "141,25": "11,4", "81,0": "11,30", "100,26": "11,5", "144,25": "11,4", "78,11": "11,30", "88,25": "11,4", "25,25": "11,4", "86,10": "11,30", "72,11": "11,30", "82,25": "11,4", "64,26": "11,5", "71,0": "11,30", "77,11": "11,30", "87,25": "11,4", "61,26": "11,5", "20,25": "11,4", "79,25": "11,4", "38,26": "11,5", "78,10": "19,17", "144,24": "9,7", "37,26": "11,5", "86,11": "11,30", "25,24": "19,7", "90,26": "11,5", "76,25": "11,4", "83,11": "11,30", "95,26": "11,5", "73,25": "11,4", "32,26": "11,5", "77,10": "18,17", "38,25": "11,4", "79,26": "11,5", "32,25": "11,4", "95,25": "11,4", "73,26": "11,5", "90,25": "11,4", "76,26": "11,5", "64,24": "9,7", "37,25": "11,4", "88,26": "11,5", "144,26": "11,5", "105,25": "11,4", "100,25": "11,4", "141,26": "11,5", "20,26": "11,5", "87,26": "11,5", "61,25": "11,4", "82,26": "11,5", "64,25": "11,4", "79,0": "11,30", "25,26": "11,5", "86,5": "11,30", "56,26": "11,5", "17,25": "11,4", "5,26": "11,5", "138,26": "11,5", "12,25": "11,4", "0,26": "11,5", "53,26": "11,5", "132,26": "11,5", "18,25": "11,4", "59,26": "11,5", "70,8": "11,30", "137,26": "11,5", "44,25": "11,4", "86,4": "11,30", "74,0": "11,30", "41,25": "11,4", "70,9": "11,30", "18,24": "19,7", "84,0": "11,30", "0,24": "19,7", "41,26": "11,5", "86,7": "11,30", "44,26": "11,5", "132,24": "19,7", "78,9": "19,16", "53,25": "11,4", "12,26": "11,5", "0,25": "11,1", "138,25": "11,4", "17,26": "11,5", "5,25": "11,4", "86,6": "11,30", "56,25": "11,4", "137,25": "11,4", "59,25": "11,4", "18,26": "11,5", "132,25": "11,4", "131,25": "11,4", "9,25": "11,4", "134,25": "11,4", "6,25": "11,4", "14,26": "11,5", "55,25": "11,4", "50,25": "11,4", "3,25": "11,4", "11,26": "11,5", "48,26": "11,5", "131,24": "19,7", "47,26": "11,5", "42,26": "11,5", "77,0": "11,30", "3,24": "9,7", "129,26": "11,5", "50,24": "19,7", "48,25": "11,4", "129,25": "11,4", "97,20": "19,16", "42,25": "11,4", "74,23": "18,16", "47,25": "11,4", "134,26": "11,5", "9,26": "11,5", "131,26": "11,5", "3,26": "11,5", "97,21": "19,17", "11,25": "11,4", "50,26": "11,5", "55,26": "11,5", "6,26": "11,5", "14,25": "11,4", "74,22": "50,7", "72,0": "11,30", "67,25": "11,4", "81,26": "11,5", "26,26": "11,5", "23,26": "11,5", "86,9": "11,30", "109,25": "11,4", "62,25": "11,4", "84,26": "11,5", "29,26": "11,5", "103,25": "11,4", "82,0": "11,30", "142,26": "11,5", "68,25": "11,4", "70,4": "11,30", "106,25": "11,4", "75,26": "11,5", "93,25": "11,4", "34,25": "11,4", "31,25": "11,4", "70,26": "11,5", "96,25": "11,4", "86,8": "11,30", "70,5": "11,30", "99,25": "11,4", "70,25": "11,4", "96,26": "11,5", "80,11": "11,30", "84,24": "19,7", "31,26": "11,5", "34,26": "11,5", "75,25": "11,4", "93,26": "11,5", "85,11": "11,30", "99,26": "11,5", "70,6": "11,30", "29,24": "9,7", "142,24": "19,7", "62,26": "11,5", "84,25": "11,4", "74,11": "11,30", "109,26": "11,5", "23,25": "11,4", "75,24": "19,17", "26,25": "11,4", "67,26": "11,5", "81,25": "11,4", "71,11": "11,30", "106,26": "11,5", "70,7": "11,30", "68,26": "11,5", "142,25": "11,4", "103,26": "11,5", "29,25": "11,4", "110,25": "11,4", "98,26": "11,5", "35,26": "11,5", "70,10": "11,30", "92,26": "11,5", "74,25": "11,4", "84,11": "11,30", "97,26": "11,5", "71,25": "11,4", "81,11": "11,30", "30,26": "11,5", "75,0": "11,30", "69,26": "11,5", "143,25": "11,4", "102,26": "11,5", "28,25": "11,4", "107,26": "11,5", "146,25": "11,4", "74,24": "18,17", "27,25": "11,4", "80,25": "11,4", "85,0": "11,30", "66,26": "11,5", "70,11": "11,30", "85,25": "11,4", "63,26": "11,5", "75,11": "11,30", "108,26": "11,5", "22,25": "11,4", "146,26": "11,5", "107,25": "11,4", "28,26": "11,5", "102,25": "11,4", "143,26": "11,5", "69,25": "11,4", "22,26": "11,5", "108,25": "11,4", "85,26": "11,5", "63,25": "11,4", "80,26": "11,5", "66,25": "11,4", "27,26": "11,5", "107,24": "9,7", "98,25": "11,4", "110,26": "11,5", "69,24": "19,7", "102,24": "9,7", "30,25": "11,4", "63,24": "9,7", "79,8": "50,7", "97,25": "11,4", "71,26": "11,5", "92,25": "11,4", "74,26": "11,5", "35,25": "11,4", "75,23": "19,16", "15,24": "19,7", "46,25": "11,4", "128,25": "11,4", "96,20": "18,16", "10,24": "9,7", "43,25": "11,4", "80,0": "11,30", "49,25": "11,4", "70,0": "11,30", "54,26": "11,5", "15,25": "11,4", "75,22": "50,7", "7,26": "11,5", "10,25": "11,4", "2,26": "11,5", "96,21": "18,17", "51,26": "11,5", "128,24": "9,7", "8,26": "11,5", "130,26": "11,5", "135,26": "11,5", "70,1": "11,30", "51,25": "11,4", "10,26": "11,5", "2,25": "11,4", "15,26": "11,5", "7,25": "11,4", "54,25": "11,4", "70,2": "11,30", "135,25": "11,4", "130,25": "11,4", "8,25": "11,4", "43,26": "11,5", "128,26": "11,5", "46,26": "11,5", "78,0": "11,30", "70,3": "11,30", "49,26": "11,5" }, "KEEP_POWERUP": 0.000000, "OBJECTS": { "81,4": "COIN", "136,24": "END CASTLE", "41,13": "COIN", "71,4": "COIN", "95,23": "BUMP BLOCK", "81,5": "COIN", "73,1": "COIN", "71,5": "COIN", "79,6": "COIN", "37,22": "BUMP BLOCK", "83,1": "COIN", "95,22": "BUMP BLOCK", "39,14": "COIN", "73,2": "COIN", "81,6": "COIN", "65,15": "THWOMP", "43,18": "BUMP BLOCK", "83,2": "COIN", "107,8": "BUMP BLOCK", "37,21": "BUMP BLOCK", "79,5": "COIN", "71,6": "COIN", "45,24": "BUMP BLOCK", "73,3": "COIN", "81,7": "COIN", "89,17": "MULTICOIN BLOCK", "32,20": "BUMP BLOCK", "83,17": "MULTICOIN BLOCK", "43,19": "BUMP BLOCK", "83,3": "COIN", "86,17": "MULTICOIN BLOCK", "37,20": "BUMP BLOCK", "71,7": "COIN", "79,4": "COIN", "44,20": "BUMP BLOCK", "35,19": "BUMP BLOCK", "72,8": "COIN", "74,5": "COIN", "76,1": "COIN", "82,8": "COIN", "84,5": "COIN", "36,24": "SPRING", "35,18": "BUMP BLOCK", "44,21": "BUMP BLOCK", "72,9": "COIN", "94,24": "BUMP BLOCK", "74,4": "COIN", "82,9": "COIN", "84,4": "COIN", "82,10": "SPRING", "74,7": "COIN", "57,15": "THWOMP", "12,23": "BUMP BLOCK", "44,22": "BUMP BLOCK", "84,7": "COIN", "116,24": "RED PARAKOOPA", "76,3": "COIN", "113,24": "RED PARAKOOPA", "74,6": "COIN", "12,22": "BUMP BLOCK", "76,10": "SPRING", "73,10": "SPRING", "44,23": "BUMP BLOCK", "24,24": "BUMP BLOCK", "84,6": "COIN", "76,2": "COIN", "75,9": "COIN", "73,4": "COIN", "59,15": "THWOMP", "132,15": "FLAGPOLE", "45,22": "BUMP BLOCK", "79,3": "COIN", "83,10": "SPRING", "85,9": "COIN", "83,4": "COIN", "81,1": "COIN", "75,8": "COIN", "39,13": "COIN", "73,5": "COIN", "72,10": "SPRING", "12,17": "MULTICOIN BLOCK", "71,1": "COIN", "79,2": "COIN", "45,23": "BUMP BLOCK", "85,8": "COIN", "83,5": "COIN", "73,6": "COIN", "81,2": "COIN", "100,24": "BUMP BLOCK", "103,18": "BUMP BLOCK", "105,8": "BUMP BLOCK", "52,22": "CHECKPOINT", "83,6": "COIN", "45,20": "BUMP BLOCK", "79,1": "COIN", "71,2": "COIN", "73,7": "COIN", "103,19": "BUMP BLOCK", "81,3": "COIN", "1,23": "MARIO", "83,7": "COIN", "95,24": "BUMP BLOCK", "31,18": "COIN", "41,14": "COIN", "71,3": "COIN", "4,23": "COIN", "45,21": "BUMP BLOCK", "36,21": "BUMP BLOCK", "80,8": "COIN", "44,24": "BUMP BLOCK", "61,15": "THWOMP", "41,24": "GOOMBA", "74,1": "COIN", "42,18": "BUMP BLOCK", "120,24": "RED PARAKOOPA", "76,5": "COIN", "125,24": "RED PARAKOOPA", "108,8": "BUMP BLOCK", "84,1": "COIN", "38,14": "COIN", "87,17": "MULTICOIN BLOCK", "36,20": "BUMP BLOCK", "80,9": "COIN", "42,19": "BUMP BLOCK", "82,17": "MULTICOIN BLOCK", "37,15": "COIN", "12,24": "BUMP BLOCK", "76,4": "COIN", "88,17": "MULTICOIN BLOCK", "38,15": "COIN", "94,23": "BUMP BLOCK", "37,16": "COIN", "74,3": "COIN", "40,13": "COIN", "84,3": "COIN", "76,7": "COIN", "90,17": "MULTICOIN BLOCK", "74,2": "COIN", "36,22": "BUMP BLOCK", "84,2": "COIN", "76,6": "COIN", "73,8": "COIN", "75,5": "COIN", "28,20": "COIN", "98,22": "BUMP BLOCK", "103,16": "BUMP BLOCK", "27,20": "COIN", "35,22": "BUMP BLOCK", "83,8": "COIN", "85,5": "COIN", "97,22": "BUMP BLOCK", "77,1": "COIN", "131,24": "BUMP BLOCK", "73,9": "COIN", "75,4": "COIN", "103,17": "BUMP BLOCK", "98,23": "BUMP BLOCK", "83,9": "COIN", "80,21": "TOUCH-START MOVING PLATFORM", "85,4": "COIN", "108,22": "CHECKPOINT", "97,23": "BUMP BLOCK", "103,9": "BUMP BLOCK", "103,14": "BUMP BLOCK", "75,7": "COIN", "28,22": "BUMP BLOCK", "11,24": "BUMP BLOCK", "77,3": "COIN", "81,17": "MULTICOIN BLOCK", "27,22": "BUMP BLOCK", "84,17": "MULTICOIN BLOCK", "44,19": "BUMP BLOCK", "85,7": "COIN", "35,20": "BUMP BLOCK", "103,15": "BUMP BLOCK", "103,8": "BUMP BLOCK", "48,24": "BUMP BLOCK", "75,6": "COIN", "77,2": "COIN", "42,24": "BUMP BLOCK", "129,24": "SPRING", "85,6": "COIN", "35,21": "BUMP BLOCK", "47,24": "BUMP BLOCK", "34,24": "GOOMBA", "37,18": "BUMP BLOCK", "42,14": "COIN", "46,21": "BUMP BLOCK", "93,24": "BUMP BLOCK", "43,21": "BUMP BLOCK", "80,4": "COIN", "96,24": "BUMP BLOCK", "32,18": "COIN", "8,23": "COIN", "99,24": "BUMP BLOCK", "76,9": "COIN", "72,1": "COIN", "37,19": "BUMP BLOCK", "42,15": "COIN", "80,5": "COIN", "43,20": "BUMP BLOCK", "82,1": "COIN", "103,24": "BUMP BLOCK", "78,6": "COIN", "76,8": "COIN", "43,23": "BUMP BLOCK", "80,6": "COIN", "23,24": "BUMP BLOCK", "74,10": "SPRING", "71,10": "SPRING", "72,2": "COIN", "46,23": "BUMP BLOCK", "78,5": "COIN", "106,8": "BUMP BLOCK", "82,2": "COIN", "55,15": "THWOMP", "80,7": "COIN", "43,22": "BUMP BLOCK", "80,10": "SPRING", "46,22": "BUMP BLOCK", "85,10": "SPRING", "72,3": "COIN", "78,4": "COIN", "82,3": "COIN", "48,23": "BUMP BLOCK", "75,1": "COIN", "103,12": "BUMP BLOCK", "81,8": "COIN", "85,1": "COIN", "43,16": "COIN", "109,8": "BUMP BLOCK", "47,23": "BUMP BLOCK", "77,5": "COIN", "11,22": "BUMP BLOCK", "71,8": "COIN", "42,23": "BUMP BLOCK", "22,24": "GOOMBA", "75,10": "SPRING", "81,9": "COIN", "103,13": "BUMP BLOCK", "47,22": "BUMP BLOCK", "84,10": "SPRING", "11,23": "BUMP BLOCK", "77,4": "COIN", "71,9": "COIN", "42,22": "BUMP BLOCK", "81,10": "SPRING", "103,10": "BUMP BLOCK", "98,24": "BUMP BLOCK", "75,3": "COIN", "42,21": "BUMP BLOCK", "97,24": "BUMP BLOCK", "36,18": "BUMP BLOCK", "85,3": "COIN", "6,23": "COIN", "103,11": "BUMP BLOCK", "75,2": "COIN", "42,20": "BUMP BLOCK", "77,6": "COIN", "36,19": "BUMP BLOCK", "85,2": "COIN", "43,15": "COIN", "85,17": "MULTICOIN BLOCK", "74,9": "COIN", "72,4": "COIN", "31,20": "BUMP BLOCK", "80,17": "MULTICOIN BLOCK", "84,9": "COIN", "82,4": "COIN", "103,21": "BUMP BLOCK", "78,3": "COIN", "74,8": "COIN", "72,5": "COIN", "46,24": "BUMP BLOCK", "63,15": "THWOMP", "70,22": "CHECKPOINT", "80,1": "COIN", "43,24": "BUMP BLOCK", "103,20": "BUMP BLOCK", "49,24": "BUMP BLOCK", "84,8": "COIN", "122,24": "RED PARAKOOPA", "82,5": "COIN", "78,2": "COIN", "104,8": "BUMP BLOCK", "23,20": "QUESTION BLOCK", "80,2": "COIN", "96,22": "BUMP BLOCK", "72,6": "COIN", "78,1": "COIN", "82,6": "COIN", "103,23": "BUMP BLOCK", "80,3": "COIN", "96,23": "BUMP BLOCK", "72,7": "COIN", "99,23": "BUMP BLOCK", "103,22": "BUMP BLOCK", "82,7": "COIN" }, "HEIGHT": 27.000000, "MARKERS": { "77,9": "WARP TOP", "79,21": "RIGHT", "124,24": "LEFT", "76,23": "DOOR", "116,24": "RIGHT", "113,24": "RIGHT", "117,24": "LEFT", "77,11": "UP", "118,24": "RIGHT", "91,21": "LEFT", "120,24": "LEFT", "125,24": "RIGHT", "74,23": "WARP TOP", "74,25": "WARP MARKER", "115,24": "LEFT", "79,9": "DOOR", "96,20": "WARP TOP", "122,24": "RIGHT", "127,24": "LEFT", "96,22": "WARP MARKER" }, "MUSIC": "LAND", "MODIFIERS": { "77,9": "DESTINATION:PIPE1", "105,21": "DESTINATION:VINE", "76,23": "DESTINATION:DOOR", "105,26": "BEANSTALK", "74,25": "TEXT:PIPE1", "79,9": "TEXT:DOOR", "23,20": "GREEN YOSHI", "96,22": "TEXT:PIPE2,SKY" } } }
