{ "FINAL": { "CLASSIC_SCROLL": 1.000000, "TILES_BG": { "52,24": "13,21", "19,26": "12,21", "52,25": "13,21", "13,26": "12,21", "19,25": "12,21", "13,25": "12,21", "52,26": "13,21", "13,24": "12,21", "33,25": "13,21", "33,24": "13,21", "33,26": "13,21", "20,25": "13,21", "13,23": "12,21", "38,26": "13,21", "37,26": "12,21", "32,26": "12,21", "38,25": "13,21", "32,25": "12,21", "37,25": "12,21", "20,26": "13,21", "52,23": "13,21", "32,24": "12,21", "56,26": "19,17", "6,25": "12,21", "14,26": "13,21", "47,26": "13,21", "6,24": "12,21", "14,24": "13,21", "47,25": "13,21", "3,26": "27,19", "55,26": "18,17", "6,26": "12,21", "14,25": "13,21", "47,24": "13,21", "51,23": "12,21", "14,23": "13,21", "46,25": "12,21", "7,26": "13,21", "46,24": "12,21", "2,26": "26,19", "51,26": "12,21", "51,25": "12,21", "7,25": "13,21", "51,24": "12,21", "46,26": "12,21", "7,24": "13,21" }, "BACKGROUND": "DESERT", "WIDTH": 59.000000, "RAIN": 0.000000, "TILES": { "19,27": "34,5", "16,27": "34,5", "45,26": "34,3", "13,27": "34,5", "40,26": "34,3", "32,23": "12,20", "58,25": "11,23", "19,26": "34,3", "4,25": "11,23", "16,26": "34,3", "45,27": "34,5", "13,26": "34,3", "40,27": "34,5", "58,26": "34,3", "1,26": "34,3", "52,26": "34,3", "57,26": "34,3", "4,26": "34,3", "16,25": "11,23", "58,27": "34,5", "19,24": "12,20", "52,27": "34,5", "1,27": "34,5", "4,27": "34,5", "57,27": "34,5", "24,27": "34,5", "21,27": "34,5", "56,23": "19,16", "24,26": "34,3", "21,26": "34,3", "33,27": "34,5", "36,27": "34,5", "39,27": "34,5", "33,26": "34,3", "36,26": "34,3", "39,26": "34,3", "38,27": "34,5", "37,27": "34,5", "32,27": "34,5", "38,26": "34,3", "37,26": "34,3", "20,24": "13,20", "13,22": "12,20", "32,26": "34,3", "52,22": "13,20", "20,27": "34,5", "25,27": "34,5", "38,24": "13,20", "20,26": "34,3", "37,24": "12,20", "25,26": "34,3", "56,26": "34,3", "5,26": "34,3", "12,25": "11,23", "0,26": "34,3", "53,26": "34,3", "44,25": "11,23", "5,27": "34,5", "56,27": "34,5", "53,27": "34,5", "41,25": "11,23", "0,27": "34,5", "12,27": "34,5", "41,26": "34,3", "33,23": "13,20", "56,24": "19,17", "17,27": "34,5", "44,26": "34,3", "18,27": "34,5", "53,25": "11,23", "12,26": "34,3", "0,25": "11,23", "41,27": "34,5", "17,26": "34,3", "44,27": "34,5", "56,25": "19,17", "18,26": "34,3", "48,27": "34,5", "47,27": "34,5", "14,26": "34,3", "55,25": "18,17", "42,27": "34,5", "3,25": "27,19", "11,26": "34,3", "48,26": "34,3", "55,24": "18,17", "47,26": "34,3", "14,27": "34,5", "42,26": "34,3", "11,27": "34,5", "3,24": "27,19", "9,27": "34,5", "50,27": "34,5", "3,27": "34,5", "6,27": "34,5", "55,27": "34,5", "9,26": "34,3", "3,26": "34,3", "50,26": "34,3", "55,26": "34,3", "6,26": "34,3", "26,26": "34,3", "7,23": "13,20", "23,26": "34,3", "2,23": "26,18", "29,26": "34,3", "26,27": "34,5", "34,25": "11,23", "51,22": "12,20", "23,27": "34,5", "29,27": "34,5", "31,26": "34,3", "34,26": "34,3", "46,23": "12,20", "31,27": "34,5", "34,27": "34,5", "35,26": "34,3", "14,22": "13,20", "47,23": "13,20", "30,26": "34,3", "28,25": "11,23", "35,27": "34,5", "30,27": "34,5", "22,25": "11,23", "28,26": "34,3", "22,26": "34,3", "3,23": "27,18", "55,23": "18,16", "27,26": "34,3", "6,23": "12,20", "28,27": "34,5", "22,27": "34,5", "27,27": "34,5", "7,27": "34,5", "54,27": "34,5", "51,27": "34,5", "2,27": "34,5", "8,27": "34,5", "49,25": "11,23", "54,26": "34,3", "7,26": "34,3", "2,26": "34,3", "51,26": "34,3", "8,26": "34,3", "43,27": "34,5", "10,26": "34,3", "2,25": "26,19", "46,27": "34,5", "15,26": "34,3", "54,25": "11,23", "49,27": "34,5", "8,25": "11,23", "43,26": "34,3", "2,24": "26,19", "10,27": "34,5", "46,26": "34,3", "15,27": "34,5", "49,26": "34,3" }, "KEEP_POWERUP": 0.000000, "OBJECTS": { "52,25": "RED NINJI", "16,25": "RED NINJI", "20,22": "MESSAGE BLOCK", "36,25": "RED NINJI", "40,22": "MESSAGE BLOCK", "32,25": "RED NINJI", "12,25": "RED NINJI", "24,22": "MESSAGE BLOCK", "50,25": "RED NINJI", "48,25": "RED NINJI", "22,22": "MESSAGE BLOCK", "14,25": "RED NINJI", "34,25": "RED NINJI", "42,22": "MESSAGE BLOCK", "30,25": "RED NINJI", "6,22": "MESSAGE BLOCK", "26,22": "MESSAGE BLOCK", "46,25": "RED NINJI", "10,25": "RED NINJI" }, "HEIGHT": 28.000000, "MARKERS": { "4,24": "UP", "55,26": "WARP MARKER", "55,23": "WARP TOP" }, "MUSIC": "WINE", "MODIFIERS": { "20,22": "MESSAGE:Oh, one more thing! Happy 10th anniversary Hello Mario Engine! Hello Mario Engine is the open source Mario engine that Mario Editor uses!", "40,22": "MESSAGE:For maximum performance, Mario Editor has been compiled with the YoYoCompiler! That's right, you are running compiled C++ code!", "24,22": "MESSAGE:If you want to make a full game, or customise the graphics, audio, or code, then you should be using the Hello Mario Engine instead. Mario Editor is all about levels!", "22,22": "MESSAGE:Hello Mario Engine is a clean, organised, fully commented, and user friendly Mario engine that can be used with GameMaker: Studio for free!", "55,26": "TEXT:BIGPIPE,MAIN", "42,22": "MESSAGE:So make your levels as big as you want! Make them huge! Push Mario Editor to its limit! YAHOO! MAMA MIA!", "6,22": "MESSAGE:This is it for the Mario Editor tutorial! It is now your job to use everything you know to create something amazing! Go for it!", "26,22": "MESSAGE:Make sure to share your levels with the world when you are done with them. I'm sure people would love to download and play them!", "2,24": "DESTINATION:START" } }, "WARP2": { "CLASSIC_SCROLL": 0.000000, "TILES_BG": { "19,11": "34,10", "2,12": "18,19", "27,11": "34,10", "22,11": "34,10", "3,12": "19,19" }, "BACKGROUND": "BLUE CAVE", "WIDTH": 31.000000, "RAIN": 0.000000, "TILES": { "23,0": "49,4", "18,0": "49,4", "18,12": "50,3", "4,1": "49,5", "12,12": "19,17", "0,8": "49,4", "0,11": "49,4", "29,7": "46,6", "17,12": "49,3", "23,1": "49,4", "18,1": "49,5", "4,0": "49,4", "18,13": "50,4", "0,10": "49,4", "0,9": "49,4", "12,13": "19,17", "29,6": "49,4", "17,13": "49,4", "30,8": "49,4", "10,1": "49,5", "23,2": "49,4", "5,13": "49,4", "29,5": "49,4", "0,13": "49,4", "12,10": "19,16", "18,11": "41,31", "30,9": "49,4", "10,0": "49,4", "23,3": "48,15", "17,11": "40,31", "5,12": "49,3", "29,4": "49,4", "12,11": "19,17", "0,12": "49,4", "24,5": "48,4", "20,12": "34,11", "1,0": "49,4", "26,1": "49,4", "24,4": "48,15", "1,1": "45,6", "26,0": "49,4", "24,7": "48,5", "26,3": "49,4", "15,0": "49,4", "1,2": "50,4", "9,1": "49,5", "20,11": "34,10", "24,6": "48,4", "26,2": "49,4", "15,1": "49,5", "9,0": "49,4", "1,3": "50,4", "23,4": "47,15", "6,1": "49,5", "21,0": "49,4", "29,3": "49,4", "2,9": "18,18", "21,11": "34,10", "6,0": "49,4", "29,2": "49,4", "21,1": "48,15", "21,2": "47,15", "29,1": "49,4", "12,1": "49,5", "21,12": "34,11", "29,0": "49,4", "12,0": "49,4", "1,13": "49,4", "24,1": "49,4", "3,0": "49,4", "16,10": "9,25", "4,13": "49,4", "1,4": "50,4", "26,5": "49,4", "24,0": "49,4", "1,12": "45,7", "4,12": "49,3", "16,11": "9,26", "3,1": "49,5", "1,5": "50,4", "26,4": "49,4", "19,11": "42,31", "4,11": "42,30", "16,12": "49,3", "1,11": "50,4", "13,12": "48,3", "17,0": "49,4", "24,3": "49,4", "19,12": "34,11", "26,7": "49,5", "1,6": "50,4", "16,13": "49,4", "17,1": "49,5", "24,2": "49,4", "13,13": "48,4", "1,10": "50,4", "26,6": "49,4", "1,7": "50,4", "30,2": "49,4", "25,5": "49,4", "27,1": "49,4", "2,10": "18,19", "10,13": "50,4", "15,13": "49,4", "0,0": "49,4", "30,3": "49,4", "8,11": "42,31", "25,4": "49,4", "10,12": "50,3", "2,11": "18,19", "27,0": "49,4", "0,1": "49,4", "15,12": "49,3", "7,11": "41,31", "25,7": "49,5", "8,12": "49,3", "30,0": "49,4", "7,12": "49,3", "8,1": "49,5", "0,2": "49,4", "27,3": "49,4", "14,0": "49,4", "2,12": "49,3", "25,6": "49,4", "8,13": "49,4", "30,1": "49,4", "0,3": "49,4", "8,0": "49,4", "7,13": "49,4", "2,13": "49,4", "27,2": "49,4", "14,1": "49,5", "5,1": "49,5", "30,11": "49,4", "22,0": "49,4", "19,0": "49,4", "28,7": "49,5", "1,8": "50,4", "30,10": "49,4", "5,0": "49,4", "22,12": "34,11", "22,1": "49,4", "27,12": "34,11", "19,1": "49,5", "28,6": "49,4", "1,9": "50,4", "28,12": "34,11", "27,11": "42,30", "11,1": "49,5", "22,2": "48,15", "22,11": "42,30", "30,13": "49,4", "28,11": "34,10", "28,5": "49,4", "11,0": "49,4", "22,3": "47,15", "30,12": "49,4", "28,4": "49,4", "30,6": "49,4", "2,0": "49,4", "29,11": "48,4", "25,1": "49,4", "23,11": "34,10", "27,5": "49,4", "0,4": "49,4", "2,1": "49,5", "30,7": "49,4", "25,0": "49,4", "29,10": "48,4", "27,4": "49,4", "0,5": "49,4", "16,0": "49,4", "25,3": "49,4", "29,13": "48,4", "30,4": "49,4", "0,6": "49,4", "29,9": "48,4", "27,7": "49,5", "16,1": "49,5", "29,12": "48,4", "25,2": "49,4", "30,5": "49,4", "0,7": "49,4", "29,8": "48,4", "27,6": "49,4", "23,12": "34,11", "3,12": "49,3", "11,11": "18,17", "6,12": "49,3", "14,11": "42,30", "28,3": "49,4", "20,0": "49,4", "7,1": "49,5", "9,12": "49,3", "3,9": "19,18", "11,10": "18,16", "3,13": "49,4", "6,13": "49,4", "20,1": "49,5", "28,2": "49,4", "9,13": "49,4", "7,0": "49,4", "14,13": "49,4", "11,13": "18,17", "3,10": "19,19", "28,1": "49,4", "13,1": "49,5", "6,11": "40,31", "14,12": "49,3", "3,11": "19,19", "11,12": "18,17", "28,0": "49,4", "13,0": "49,4" }, "KEEP_POWERUP": 0.000000, "OBJECTS": { "14,8": "MESSAGE BLOCK", "4,8": "MESSAGE BLOCK" }, "HEIGHT": 14.000000, "MARKERS": { "2,9": "WARP TOP", "13,11": "DOWN", "2,12": "WARP MARKER", "11,3": "DOWN", "11,13": "WARP CANNON" }, "MUSIC": "CAVE", "MODIFIERS": { "14,8": "MESSAGE:At the start of a section, warp Mario moves rightwards, so you need to put an arrow directly to his right, like this.", "25,9": "DESTINATION:VINE", "16,10": "DESTINATION:DOOR", "4,8": "MESSAGE:Return pipe.", "2,12": "TEXT:PIPE2,WARP", "21,9": "DESTINATION:JUMP", "11,11": "DESTINATION:PIPE" } }, "TIPS": { "CLASSIC_SCROLL": 0.000000, "TILES_BG": { "68,8": "39,18", "60,8": "39,18", "18,11": "36,21", "49,8": "39,18", "56,8": "39,18", "82,8": "39,18", "85,8": "40,18", "51,8": "39,18", "16,8": "39,18", "59,8": "39,18", "70,8": "39,18", "67,8": "39,18", "48,8": "39,18", "18,8": "40,18", "83,8": "39,18", "57,8": "39,18", "141,9": "40,18", "69,8": "39,18", "52,8": "40,18", "61,8": "40,18", "15,8": "39,18", "71,8": "40,18", "66,8": "39,18", "50,8": "39,18", "84,8": "39,18", "17,8": "39,18", "58,8": "39,18" }, "BACKGROUND": "STORM", "WIDTH": 162.000000, "RAIN": 1.000000, "TILES": { "125,13": "23,31", "68,9": "35,19", "140,9": "39,18", "53,9": "35,19", "38,9": "27,31", "132,11": "35,25", "110,9": "36,23", "18,12": "41,24", "59,11": "37,21", "120,13": "23,31", "79,7": "42,19", "77,9": "35,19", "0,11": "14,31", "53,11": "37,21", "56,11": "37,21", "64,3": "35,30", "17,12": "40,24", "5,11": "14,31", "137,10": "35,19", "66,6": "35,31", "59,10": "35,19", "132,10": "35,25", "18,13": "41,25", "53,10": "35,19", "79,6": "42,19", "138,10": "35,19", "77,8": "42,20", "17,13": "40,25", "56,10": "35,19", "64,2": "35,29", "18,10": "36,20", "132,13": "35,25", "66,5": "35,30", "137,13": "34,19", "17,10": "35,19", "44,11": "37,21", "79,5": "42,19", "41,11": "37,21", "138,13": "36,19", "18,11": "41,22", "30,9": "34,19", "132,12": "35,25", "66,4": "35,30", "60,9": "35,19", "17,11": "35,21", "44,10": "35,19", "14,9": "35,19", "41,10": "35,19", "79,4": "42,19", "44,9": "35,19", "32,10": "35,19", "61,11": "37,21", "118,13": "23,31", "61,2": "35,29", "37,10": "35,19", "74,5": "41,19", "64,11": "37,21", "144,12": "36,25", "117,13": "23,31", "38,10": "36,19", "63,6": "35,31", "112,13": "23,31", "61,3": "35,30", "22,9": "35,19", "32,11": "37,21", "61,10": "35,19", "19,9": "35,19", "37,11": "37,21", "72,9": "35,19", "64,10": "35,19", "74,4": "41,19", "49,9": "35,19", "144,13": "36,25", "56,9": "35,19", "82,9": "35,19", "38,11": "37,21", "76,11": "37,21", "25,10": "35,19", "41,9": "27,31", "82,10": "35,19", "74,7": "41,19", "139,9": "39,18", "73,11": "37,21", "20,10": "35,19", "65,9": "35,19", "63,4": "35,30", "141,10": "35,19", "79,11": "37,21", "153,12": "14,31", "76,3": "42,19", "156,12": "14,31", "35,9": "27,31", "144,10": "36,25", "74,6": "41,19", "82,11": "37,21", "76,10": "35,19", "25,11": "37,21", "73,10": "35,19", "20,11": "37,21", "79,10": "35,19", "63,5": "35,30", "144,11": "36,25", "76,2": "42,18", "66,3": "35,30", "157,12": "14,31", "136,9": "39,18", "75,9": "35,19", "140,10": "35,19", "78,11": "37,21", "152,12": "19,17", "86,10": "37,19", "72,11": "37,21", "21,10": "37,20", "158,12": "14,31", "79,3": "42,19", "77,11": "37,21", "24,10": "35,19", "83,10": "35,19", "85,9": "35,19", "51,9": "35,19", "66,2": "35,29", "78,10": "35,19", "152,13": "19,17", "75,8": "42,20", "2,9": "26,16", "72,10": "35,19", "79,2": "42,18", "21,11": "37,21", "86,11": "38,21", "64,6": "35,31", "83,11": "37,21", "77,10": "35,19", "21,1": "34,19", "24,11": "37,21", "39,10": "37,20", "113,13": "23,31", "152,10": "19,16", "145,12": "14,31", "116,13": "23,31", "36,10": "35,19", "65,11": "37,21", "64,5": "35,30", "33,10": "35,19", "60,11": "37,21", "119,13": "23,31", "152,11": "19,17", "46,9": "35,19", "39,11": "37,21", "16,9": "35,19", "36,11": "37,21", "62,9": "35,19", "64,4": "35,30", "59,9": "35,19", "65,10": "35,19", "32,9": "27,31", "33,11": "37,21", "60,10": "35,19", "40,11": "37,21", "139,13": "37,19", "80,8": "43,20", "61,6": "35,31", "16,10": "37,20", "45,11": "37,21", "76,5": "42,19", "19,10": "35,19", "133,13": "36,25", "63,2": "35,29", "54,9": "35,19", "80,9": "35,19", "40,10": "35,19", "16,11": "34,21", "45,10": "35,19", "76,4": "42,19", "70,9": "35,19", "63,3": "35,30", "19,11": "37,21", "133,9": "36,23", "133,12": "36,25", "20,9": "35,19", "57,11": "37,21", "74,3": "41,19", "4,11": "14,31", "37,9": "37,19", "61,4": "35,30", "1,11": "14,31", "67,9": "35,19", "52,11": "37,21", "133,11": "36,25", "13,9": "35,20", "19,12": "42,24", "58,11": "37,21", "121,13": "23,31", "124,13": "23,31", "78,9": "35,19", "76,7": "42,19", "43,9": "35,19", "57,10": "35,19", "74,2": "41,18", "52,10": "35,19", "139,10": "35,19", "61,5": "35,30", "58,10": "35,19", "133,10": "36,25", "19,13": "42,25", "78,8": "42,20", "136,10": "35,19", "76,6": "42,19", "135,10": "35,19", "75,5": "42,19", "60,2": "35,29", "51,10": "35,19", "2,10": "26,17", "62,6": "35,31", "59,6": "34,31", "54,10": "35,19", "127,13": "23,31", "73,9": "35,19", "75,4": "42,19", "48,9": "35,19", "8,11": "14,31", "23,9": "37,19", "18,9": "35,19", "60,3": "35,30", "122,13": "23,31", "83,9": "35,19", "57,9": "35,19", "2,11": "26,17", "144,9": "36,23", "51,11": "37,21", "128,13": "23,31", "54,11": "37,21", "7,11": "14,31", "49,10": "35,19", "138,9": "39,18", "75,7": "42,19", "40,9": "37,19", "46,10": "35,19", "34,9": "37,19", "77,3": "42,19", "43,10": "35,19", "59,4": "34,30", "64,9": "35,19", "10,11": "14,31", "62,4": "35,30", "2,12": "26,17", "49,11": "37,21", "130,13": "23,31", "75,6": "42,19", "77,2": "42,18", "46,11": "37,21", "15,10": "35,20", "59,5": "34,30", "43,11": "37,21", "2,13": "26,17", "62,5": "35,30", "63,10": "35,19", "39,9": "34,19", "30,11": "37,21", "66,10": "35,19", "80,4": "43,19", "69,9": "35,19", "52,9": "35,19", "86,9": "37,19", "35,11": "37,21", "135,9": "39,18", "65,3": "35,30", "151,11": "18,17", "78,7": "42,19", "69,10": "35,19", "110,12": "36,25", "143,13": "35,25", "76,9": "35,19", "63,11": "37,21", "30,10": "35,19", "149,12": "14,31", "22,1": "37,19", "80,5": "43,19", "66,11": "37,21", "67,6": "36,31", "35,10": "35,19", "65,2": "35,29", "115,13": "23,31", "146,12": "14,31", "69,11": "37,21", "110,13": "36,25", "78,6": "42,19", "76,8": "42,20", "143,12": "35,25", "151,10": "18,16", "67,5": "36,30", "80,11": "37,21", "80,6": "43,19", "27,11": "37,21", "74,10": "35,19", "22,11": "37,21", "71,10": "35,19", "85,11": "37,21", "28,11": "37,21", "151,13": "18,17", "143,11": "35,25", "110,10": "36,25", "78,5": "42,19", "27,10": "35,19", "74,11": "37,21", "67,4": "36,30", "80,7": "43,19", "80,10": "35,19", "61,9": "35,19", "85,10": "35,19", "31,9": "37,19", "22,10": "35,19", "71,11": "37,21", "143,10": "35,25", "78,4": "42,19", "45,9": "35,19", "110,11": "36,25", "28,10": "35,19", "151,12": "18,17", "154,12": "14,31", "15,9": "35,19", "29,11": "37,21", "60,6": "35,31", "59,2": "34,29", "23,11": "37,21", "62,2": "35,29", "70,10": "35,19", "109,12": "35,25", "84,11": "37,21", "77,5": "42,19", "81,11": "37,21", "26,11": "37,21", "75,10": "35,19", "155,12": "14,31", "142,10": "35,19", "81,9": "35,19", "55,9": "35,19", "29,10": "37,20", "150,12": "14,31", "132,9": "35,23", "21,9": "35,19", "84,10": "35,19", "109,9": "35,23", "23,10": "35,19", "59,3": "34,30", "62,3": "35,30", "70,11": "37,21", "109,13": "35,25", "26,10": "35,19", "75,11": "37,21", "77,4": "42,19", "71,9": "35,19", "81,10": "35,19", "68,10": "35,19", "60,4": "35,30", "66,9": "35,19", "36,9": "34,19", "75,3": "42,19", "79,9": "35,19", "67,10": "35,19", "42,9": "34,19", "34,11": "37,21", "77,7": "42,19", "109,10": "35,25", "62,10": "35,19", "31,11": "37,21", "12,9": "34,20", "60,5": "35,30", "68,11": "37,21", "111,13": "23,31", "75,2": "42,18", "114,13": "23,31", "147,12": "14,31", "67,11": "37,21", "79,8": "42,20", "34,10": "35,19", "77,6": "42,19", "62,11": "37,21", "31,10": "35,19", "148,12": "14,31", "109,11": "35,25", "74,9": "35,19", "42,10": "35,19", "3,12": "27,17", "47,10": "35,19", "137,9": "39,18", "67,3": "36,30", "50,9": "35,19", "84,9": "35,19", "143,9": "35,23", "78,3": "42,19", "48,10": "35,19", "3,9": "27,16", "42,11": "37,21", "74,8": "41,20", "3,13": "27,17", "67,2": "36,29", "47,11": "37,21", "14,10": "34,20", "65,6": "35,31", "48,11": "37,21", "131,13": "23,31", "78,2": "42,18", "80,2": "43,18", "55,10": "35,19", "50,10": "35,19", "3,10": "27,17", "65,5": "35,30", "134,10": "34,19", "80,3": "43,19", "55,11": "37,21", "6,11": "14,31", "17,9": "35,19", "3,11": "27,17", "47,9": "35,19", "50,11": "37,21", "129,13": "23,31", "33,9": "34,19", "9,11": "14,31", "123,13": "23,31", "126,13": "23,31", "63,9": "35,19", "65,4": "35,30", "58,9": "35,19" }, "KEEP_POWERUP": 0.000000, "OBJECTS": { "38,9": "ROTODISC", "138,11": "END BOSS", "27,9": "RIGHT CONVEYOR BELT", "125,12": "LAVA", "120,12": "LAVA", "71,5": "MESSAGE BLOCK", "120,10": "COLLAPSING BRIDGE", "125,10": "COLLAPSING BRIDGE", "22,8": "DIAGONAL CANNON", "74,5": "BULLET GENERATOR", "145,8": "MESSAGE BLOCK", "118,12": "LAVA", "117,12": "LAVA", "112,12": "LAVA", "41,9": "BALL & CHAIN", "35,9": "LARGE FIREBAR", "118,10": "COLLAPSING BRIDGE", "112,10": "COLLAPSING BRIDGE", "50,6": "BOO CIRCLE", "117,10": "COLLAPSING BRIDGE", "25,9": "RIGHT CONVEYOR BELT", "138,6": "MESSAGE BLOCK", "116,10": "COLLAPSING BRIDGE", "113,10": "COLLAPSING BRIDGE", "119,10": "COLLAPSING BRIDGE", "83,5": "MESSAGE BLOCK", "21,2": "DIAGONAL CANNON", "113,12": "LAVA", "116,12": "LAVA", "130,7": "BOWSER", "64,4": "NET SPARK", "32,9": "FIREBAR", "119,12": "LAVA", "24,1": "BOUNCER", "124,10": "COLLAPSING BRIDGE", "121,10": "COLLAPSING BRIDGE", "88,9": "TOUCH-START MOVING PLATFORM", "28,9": "RIGHT CONVEYOR BELT", "121,12": "LAVA", "15,5": "MESSAGE BLOCK", "124,12": "LAVA", "127,12": "LAVA", "122,12": "LAVA", "130,10": "COLLAPSING BRIDGE", "128,12": "LAVA", "85,5": "MESSAGE BLOCK", "122,10": "COLLAPSING BRIDGE", "130,12": "LAVA", "127,10": "COLLAPSING BRIDGE", "128,10": "COLLAPSING BRIDGE", "62,4": "RED NET KOOPA", "115,12": "LAVA", "26,9": "RIGHT CONVEYOR BELT", "22,2": "DIAGONAL CANNON", "7,7": "MESSAGE BLOCK", "115,10": "COLLAPSING BRIDGE", "110,5": "MESSAGE BLOCK", "114,10": "COLLAPSING BRIDGE", "111,10": "COLLAPSING BRIDGE", "27,5": "MESSAGE BLOCK", "132,8": "AXE", "21,8": "DIAGONAL CANNON", "8,7": "QUESTION BLOCK", "111,12": "LAVA", "60,4": "NET KOOPA", "114,12": "LAVA", "29,9": "RIGHT CONVEYOR BELT", "129,10": "COLLAPSING BRIDGE", "24,9": "RIGHT CONVEYOR BELT", "126,10": "COLLAPSING BRIDGE", "123,10": "COLLAPSING BRIDGE", "131,12": "LAVA", "20,1": "BOUNCER", "129,12": "LAVA", "123,12": "LAVA", "131,10": "COLLAPSING BRIDGE", "126,12": "LAVA" }, "HEIGHT": 14.000000, "MARKERS": { "87,9": "RIGHT", "38,9": "CLOCKWISE", "22,8": "RIGHT", "41,9": "CLOCKWISE", "95,9": "SPEED", "35,9": "COUNTERCLOCKWISE", "50,6": "COUNTERCLOCKWISE", "21,2": "LEFT", "64,4": "DOWN", "32,9": "COUNTERCLOCKWISE", "108,9": "LEFT", "100,9": "SPEED", "4,10": "UP", "94,9": "SPEED", "62,4": "UP", "151,10": "WARP TOP", "22,2": "RIGHT", "151,13": "WARP MARKER", "21,8": "LEFT", "60,4": "LEFT", "101,9": "SPEED" }, "MUSIC": "BOSS", "MODIFIERS": { "81,5": "DESTINATION:END", "71,5": "MESSAGE:All enemies in the persistent tab will be active throughout the entire section unless you specify a destination with a text modifier.", "74,5": "TEXT:END", "145,8": "MESSAGE:Almost forgot to mention the classic scroll setting. Use this to prevent the screen from scrolling left.", "95,9": "TEXT:4", "138,6": "MESSAGE:The end boss orb will spawn when all boss category enemies are defeated in a section, and will clear the level when collected.", "129,8": "TEXT:FIRE", "83,5": "MESSAGE:Thanks to markers, those annoying bullets only fire when Mario is in that box over to the left. That space is in between the bullet spawner and the destination marker", "100,9": "TEXT:4", "15,5": "MESSAGE:You can use arrow modifiers to change the starting direction for a whole bunch of different things!", "2,10": "DESTINATION:START", "85,5": "MESSAGE:Speed modifiers change the speed of touch-start objects, block trains, and the autoscroller. These specific items also react differently to arrow modifiers.", "151,13": "TEXT:BIGPIPE,MAIN", "7,7": "MESSAGE:This part of the tutorial will be used to document various things that did not fit anywhere else.", "110,5": "MESSAGE:You can use text modifiers to make Bowser fire before he is even on screen!", "87,5": "DESTINATION:FIRE", "27,5": "MESSAGE:Some items will change their orientation based on their surroundings, like those ceiling diagonal cannons, for example.", "8,7": "STAR" } }, "WARP": { "CLASSIC_SCROLL": 0.000000, "TILES_BG": { "59,11": "6,23", "53,12": "39,31", "90,10": "6,23", "32,11": "6,23", "76,10": "6,23", "87,11": "18,17", "88,11": "19,17", "36,12": "19,17", "81,1": "19,19", "91,10": "6,23", "60,11": "6,23", "39,11": "6,23", "104,10": "6,23", "52,12": "38,31", "3,1": "31,19", "46,12": "18,17", "51,12": "38,30", "49,11": "6,23", "67,7": "6,23", "107,10": "6,23", "98,10": "6,23", "22,11": "6,23", "115,10": "6,23", "35,12": "18,17", "30,12": "19,19", "23,11": "6,23", "75,10": "6,23", "2,1": "30,19", "84,10": "6,23", "29,12": "18,19", "50,12": "37,30", "80,1": "18,19", "47,12": "19,17" }, "BACKGROUND": "CAVE", "WIDTH": 120.000000, "RAIN": 0.000000, "TILES": { "23,0": "40,4", "18,0": "40,4", "68,9": "40,4", "81,4": "19,19", "87,9": "18,17", "53,9": "37,30", "116,4": "18,17", "18,12": "40,3", "73,0": "40,4", "4,1": "40,5", "48,0": "40,4", "41,13": "40,4", "12,12": "40,3", "0,8": "40,4", "0,11": "40,4", "53,11": "38,31", "83,0": "40,4", "44,13": "40,4", "17,12": "40,3", "5,11": "40,4", "68,8": "40,3", "81,5": "19,19", "87,8": "18,16", "53,8": "37,29", "23,1": "40,5", "18,1": "40,5", "4,0": "40,4", "73,1": "40,5", "48,1": "40,5", "18,13": "40,4", "116,5": "18,17", "53,10": "38,30", "41,12": "40,3", "0,10": "40,4", "0,9": "40,4", "12,13": "40,4", "21,5": "21,16", "44,12": "40,3", "5,10": "40,4", "17,13": "40,4", "83,1": "40,5", "18,10": "34,16", "116,6": "18,17", "118,8": "39,4", "30,8": "19,18", "40,1": "40,5", "59,13": "40,4", "10,1": "40,5", "55,6": "38,28", "81,6": "19,19", "56,13": "40,4", "5,13": "40,4", "17,10": "21,16", "21,6": "21,17", "0,13": "40,4", "34,1": "40,5", "53,13": "40,4", "40,0": "40,4", "59,12": "40,3", "116,7": "18,16", "18,11": "34,17", "30,9": "19,19", "118,9": "39,4", "55,7": "38,29", "81,7": "19,18", "10,0": "40,4", "17,11": "21,17", "5,12": "40,4", "56,12": "40,3", "34,0": "40,4", "53,12": "40,3", "12,11": "6,23", "0,12": "40,4", "19,8": "19,17", "24,5": "37,16", "87,12": "40,4", "118,13": "40,4", "20,12": "40,3", "52,1": "40,5", "73,13": "40,4", "86,1": "40,5", "25,12": "40,3", "119,2": "40,4", "39,1": "40,5", "76,13": "40,4", "5,9": "40,4", "82,12": "40,4", "3,4": "31,18", "1,0": "40,4", "76,1": "40,5", "105,11": "40,3", "117,13": "40,4", "88,12": "40,4", "56,8": "39,30", "112,13": "40,4", "26,1": "40,5", "100,11": "40,3", "79,13": "40,4", "20,13": "40,4", "95,11": "40,3", "52,0": "40,4", "73,12": "40,4", "86,0": "40,4", "118,12": "40,4", "87,13": "40,4", "19,9": "19,17", "5,8": "40,3", "82,13": "40,4", "39,0": "40,4", "25,13": "40,4", "119,3": "40,4", "90,11": "40,3", "76,12": "40,4", "88,13": "40,4", "117,12": "40,4", "76,0": "40,4", "1,1": "39,6", "26,0": "40,4", "79,12": "40,4", "56,9": "39,31", "112,12": "40,4", "90,12": "40,4", "76,11": "40,3", "31,0": "40,4", "119,0": "40,4", "64,13": "40,4", "37,12": "40,3", "61,13": "40,4", "118,11": "40,7", "24,7": "19,17", "87,10": "18,17", "32,12": "40,3", "95,12": "40,4", "73,11": "40,3", "112,11": "40,3", "38,12": "40,3", "79,11": "40,3", "100,13": "40,4", "15,0": "40,4", "105,13": "40,4", "1,2": "41,4", "9,1": "40,5", "45,0": "40,4", "91,0": "40,4", "35,9": "18,16", "88,10": "19,17", "117,11": "40,3", "82,11": "40,3", "64,12": "40,3", "37,13": "40,4", "90,13": "40,4", "119,1": "40,4", "31,1": "40,5", "95,13": "40,4", "87,11": "40,3", "24,6": "35,17", "61,12": "40,3", "118,10": "39,4", "32,13": "40,4", "100,12": "40,4", "15,1": "40,5", "38,13": "40,4", "88,11": "40,3", "9,0": "40,4", "1,3": "41,4", "105,12": "40,4", "45,1": "40,5", "91,1": "40,5", "104,13": "40,4", "81,0": "40,4", "55,0": "40,4", "116,11": "40,3", "113,11": "40,3", "2,8": "40,3", "39,12": "40,3", "116,0": "18,17", "78,11": "40,3", "101,13": "40,4", "60,13": "40,4", "119,11": "40,4", "33,12": "40,3", "72,11": "49,8", "94,12": "40,4", "6,1": "40,5", "71,0": "40,4", "77,11": "40,3", "91,12": "40,4", "21,0": "40,4", "65,13": "40,4", "36,12": "40,3", "89,11": "40,3", "23,5": "34,16", "104,12": "40,4", "81,1": "40,5", "55,1": "40,5", "101,12": "40,4", "116,1": "18,17", "2,9": "40,4", "39,13": "40,4", "94,13": "40,4", "72,10": "50,8", "71,1": "40,5", "6,0": "40,4", "60,12": "40,3", "119,10": "40,4", "86,11": "40,3", "33,13": "40,4", "65,12": "40,3", "83,11": "40,3", "36,13": "40,4", "91,13": "40,4", "21,1": "40,5", "4,7": "6,23", "113,13": "40,4", "36,1": "40,5", "101,11": "40,3", "78,13": "40,4", "116,2": "18,17", "81,2": "19,19", "89,1": "40,5", "104,11": "40,3", "23,6": "34,17", "89,12": "40,4", "116,13": "40,4", "29,1": "40,5", "24,12": "40,3", "77,13": "40,4", "12,1": "40,5", "36,10": "19,17", "83,12": "40,4", "33,10": "9,25", "119,13": "40,4", "86,12": "40,4", "79,1": "40,5", "21,12": "40,3", "72,13": "40,4", "42,1": "40,5", "116,3": "18,17", "36,0": "40,4", "78,12": "40,4", "46,9": "18,16", "113,12": "40,4", "23,7": "18,17", "116,12": "40,4", "18,7": "18,16", "89,13": "40,4", "89,0": "40,4", "81,3": "19,19", "57,7": "40,29", "36,11": "19,17", "83,13": "40,4", "24,13": "40,4", "29,0": "40,4", "77,12": "40,4", "12,0": "40,4", "91,11": "40,3", "21,13": "40,4", "79,0": "40,4", "72,12": "40,4", "42,0": "40,4", "94,11": "40,3", "33,11": "9,26", "86,13": "40,4", "119,12": "40,4", "1,13": "40,4", "54,8": "37,30", "24,1": "40,5", "52,13": "40,4", "74,1": "40,5", "3,0": "40,4", "57,13": "40,4", "16,10": "21,16", "4,13": "40,4", "119,6": "40,4", "1,4": "41,4", "70,8": "50,8", "7,9": "50,8", "19,10": "35,16", "50,1": "40,5", "84,1": "40,5", "58,13": "40,4", "24,0": "40,4", "52,12": "40,3", "1,12": "40,4", "54,9": "38,30", "4,12": "40,4", "16,11": "21,17", "119,7": "40,4", "3,1": "40,5", "74,0": "40,4", "57,12": "40,3", "1,5": "41,4", "70,9": "49,8", "50,0": "40,4", "84,0": "40,4", "58,12": "40,3", "19,11": "37,17", "47,0": "40,4", "93,0": "41,4", "3,2": "31,19", "119,4": "40,4", "45,13": "40,4", "4,11": "40,4", "16,12": "40,3", "88,9": "19,17", "40,13": "40,4", "1,11": "40,4", "13,12": "40,3", "67,9": "40,4", "17,0": "40,4", "52,11": "38,30", "19,12": "40,3", "33,0": "40,4", "1,6": "41,4", "45,12": "40,3", "119,5": "40,4", "16,13": "40,4", "4,10": "40,4", "47,1": "40,5", "93,1": "41,5", "3,3": "31,19", "52,10": "37,30", "17,1": "40,5", "40,12": "40,3", "88,8": "19,16", "13,13": "40,4", "67,8": "40,3", "1,10": "40,4", "19,13": "40,4", "1,7": "41,4", "33,1": "40,5", "4,9": "40,4", "2,4": "30,18", "38,1": "40,5", "118,2": "39,4", "87,1": "40,5", "53,1": "40,5", "23,8": "18,17", "8,10": "50,8", "49,12": "40,3", "18,8": "18,17", "27,1": "40,5", "51,10": "37,29", "2,10": "40,4", "10,13": "40,4", "57,8": "40,30", "43,12": "40,3", "7,10": "49,8", "15,13": "40,4", "46,12": "40,3", "54,10": "38,31", "77,1": "40,5", "0,0": "40,4", "118,3": "39,4", "38,0": "40,4", "4,8": "40,3", "8,11": "49,8", "23,9": "18,16", "18,9": "18,17", "49,13": "40,4", "87,0": "40,4", "53,0": "40,4", "10,12": "40,3", "2,11": "40,4", "43,13": "40,4", "51,11": "37,30", "27,0": "40,4", "0,1": "40,4", "77,0": "40,4", "54,11": "39,31", "15,12": "40,3", "7,11": "40,4", "46,13": "40,4", "8,12": "40,4", "118,0": "39,4", "30,0": "40,4", "46,10": "18,17", "15,11": "20,17", "7,12": "40,4", "8,1": "40,5", "0,2": "40,4", "54,12": "40,3", "90,0": "40,4", "44,0": "40,4", "51,12": "40,3", "14,0": "40,4", "2,12": "40,4", "8,13": "40,4", "30,1": "40,5", "118,1": "39,4", "54,13": "40,4", "0,3": "40,4", "8,0": "40,4", "90,1": "40,5", "44,1": "40,5", "46,11": "18,17", "7,13": "40,4", "15,10": "20,16", "2,13": "40,4", "51,13": "40,4", "14,1": "40,5", "97,11": "40,3", "5,1": "40,5", "71,12": "40,4", "72,0": "40,4", "49,0": "40,4", "22,13": "40,4", "85,13": "40,4", "30,11": "19,19", "117,4": "19,17", "66,10": "39,4", "80,13": "40,4", "80,4": "18,19", "69,9": "40,4", "52,9": "37,29", "35,11": "18,17", "92,11": "40,3", "74,12": "40,4", "22,0": "40,4", "19,0": "40,4", "27,13": "40,4", "115,12": "40,4", "56,0": "41,4", "82,0": "40,4", "98,11": "40,3", "28,13": "40,4", "69,10": "40,4", "110,12": "40,4", "1,8": "39,7", "85,12": "40,4", "117,5": "19,17", "30,10": "19,19", "71,13": "40,4", "108,11": "40,3", "72,1": "40,5", "5,0": "40,4", "22,12": "40,3", "49,1": "40,5", "74,13": "40,4", "22,1": "40,5", "27,12": "40,3", "19,1": "40,5", "80,5": "18,19", "69,8": "40,3", "80,12": "40,4", "66,11": "39,4", "35,10": "18,17", "107,11": "40,3", "56,1": "41,5", "82,1": "40,5", "115,13": "40,4", "20,5": "20,16", "69,11": "40,4", "110,13": "40,4", "1,9": "40,4", "102,11": "40,3", "28,12": "40,3", "35,13": "40,4", "80,11": "40,3", "80,6": "18,19", "66,12": "40,7", "11,1": "40,5", "92,13": "40,4", "41,1": "40,5", "71,10": "49,8", "108,12": "40,4", "97,13": "40,4", "117,6": "19,17", "30,13": "40,4", "85,11": "40,3", "63,12": "40,3", "119,8": "40,4", "35,1": "40,5", "102,12": "40,4", "69,12": "40,4", "20,6": "20,17", "98,13": "40,4", "107,12": "40,4", "11,0": "40,4", "92,12": "40,4", "74,11": "40,3", "35,12": "40,3", "66,13": "40,4", "80,7": "18,18", "54,7": "37,29", "30,12": "40,3", "117,7": "19,16", "119,9": "40,4", "63,13": "40,4", "41,0": "40,4", "97,12": "40,4", "71,11": "40,4", "108,13": "40,4", "69,13": "40,4", "110,11": "40,3", "35,0": "40,4", "102,13": "40,4", "107,13": "40,4", "98,12": "40,4", "115,11": "40,3", "118,6": "39,4", "2,0": "40,4", "75,1": "40,5", "106,12": "40,4", "99,13": "40,4", "29,11": "18,19", "25,1": "40,5", "103,12": "40,4", "55,8": "38,30", "68,12": "40,4", "85,1": "40,5", "51,1": "40,5", "96,13": "40,4", "70,10": "40,4", "109,12": "40,4", "31,13": "40,4", "62,12": "40,3", "84,11": "40,3", "34,13": "40,4", "0,4": "40,4", "6,9": "49,8", "67,12": "40,4", "81,11": "40,3", "93,13": "40,4", "75,0": "40,4", "2,1": "40,5", "99,12": "40,4", "106,13": "40,4", "114,11": "40,3", "118,7": "39,4", "68,13": "40,4", "111,11": "40,3", "55,9": "38,31", "25,0": "40,4", "29,10": "18,19", "103,13": "40,4", "31,12": "40,3", "62,13": "40,4", "85,0": "40,4", "51,0": "40,4", "70,11": "40,4", "109,13": "40,4", "96,12": "40,4", "75,11": "40,3", "93,12": "40,4", "0,5": "40,4", "34,12": "40,3", "71,9": "50,8", "67,13": "40,4", "6,8": "50,8", "16,0": "40,4", "29,13": "40,4", "68,10": "40,4", "111,12": "40,4", "66,9": "39,4", "114,12": "40,4", "118,4": "39,4", "36,9": "19,16", "99,11": "40,3", "92,0": "40,4", "46,0": "40,4", "2,2": "30,19", "81,13": "40,4", "67,10": "40,4", "0,6": "40,4", "32,0": "40,4", "75,12": "40,4", "93,11": "40,3", "26,13": "40,4", "70,12": "40,4", "96,11": "40,3", "23,13": "40,4", "29,9": "18,19", "84,13": "40,4", "68,11": "40,4", "111,13": "40,4", "66,8": "39,3", "16,1": "40,5", "103,11": "40,3", "29,12": "40,3", "92,1": "40,5", "46,1": "40,5", "106,11": "40,3", "2,3": "30,19", "114,13": "40,4", "118,5": "39,4", "32,1": "40,5", "75,13": "40,4", "26,12": "40,3", "67,11": "40,4", "81,12": "40,4", "0,7": "40,4", "84,12": "40,4", "29,8": "18,18", "70,13": "40,4", "109,11": "40,3", "23,12": "40,3", "50,12": "40,3", "117,0": "19,17", "3,8": "40,3", "3,12": "40,4", "24,9": "19,16", "47,10": "19,17", "6,12": "40,4", "55,12": "40,3", "54,0": "40,4", "80,0": "40,4", "20,0": "40,4", "70,0": "39,4", "7,1": "40,5", "9,12": "49,8", "3,9": "40,4", "3,13": "40,4", "117,1": "19,17", "50,13": "40,4", "55,13": "40,4", "54,1": "40,5", "80,1": "40,5", "47,11": "19,17", "24,8": "19,17", "22,5": "21,16", "6,13": "40,4", "20,1": "40,5", "9,13": "40,4", "7,0": "40,4", "70,1": "39,5", "22,6": "21,17", "14,13": "40,4", "6,10": "40,4", "47,12": "40,3", "88,1": "40,5", "80,2": "18,19", "55,10": "39,31", "117,2": "19,17", "37,1": "40,5", "11,13": "40,4", "3,10": "40,4", "42,12": "40,3", "78,1": "40,5", "43,1": "40,5", "48,12": "40,3", "56,6": "39,28", "28,1": "40,5", "13,1": "40,5", "80,3": "18,19", "88,0": "40,4", "6,11": "40,4", "14,12": "40,3", "19,7": "19,16", "47,13": "40,4", "3,11": "40,4", "11,12": "40,3", "47,9": "19,16", "42,13": "40,4", "50,11": "37,29", "37,0": "40,4", "117,3": "19,17", "9,11": "50,8", "48,13": "40,4", "78,0": "40,4", "43,0": "40,4", "28,0": "40,4", "13,0": "40,4", "56,7": "39,29" }, "KEEP_POWERUP": 0.000000, "OBJECTS": { "49,8": "MESSAGE BLOCK", "41,8": "MESSAGE BLOCK", "25,9": "NOTE BLOCK", "103,7": "MESSAGE BLOCK", "4,4": "MESSAGE BLOCK", "91,7": "MESSAGE BLOCK", "99,7": "QUESTION BLOCK", "28,8": "MESSAGE BLOCK", "75,7": "MESSAGE BLOCK", "31,8": "MESSAGE BLOCK", "77,7": "MESSAGE BLOCK", "12,8": "MESSAGE BLOCK", "96,10": "WARP NOTE BLOCK" }, "HEIGHT": 14.000000, "MARKERS": { "53,9": "DIAGONAL WARP CANNON", "116,4": "WARP MARKER", "87,8": "WARP TOP", "4,2": "DOWN", "116,7": "WARP BOTTOM", "41,10": "DOOR", "24,4": "LEFT", "99,0": "WARP MARKER", "35,9": "WARP TOP", "20,11": "UP", "87,11": "WARP MARKER", "46,9": "WARP TOP", "18,7": "WARP TOP", "19,12": "LEFT", "25,5": "DOWN", "46,12": "WARP MARKER", "23,9": "WARP BOTTOM", "15,10": "WARP LEFT", "20,5": "WARP LEFT", "35,12": "WARP MARKER", "29,11": "UP", "82,5": "DOWN", "93,9": "DOOR" }, "MUSIC": "CAVE", "MODIFIERS": { "53,9": "DESTINATION:BIGPIPE", "116,4": "TEXT:BIGPIPE,MAIN", "41,10": "TEXT:DOOR", "49,8": "MESSAGE:Follow this setup for big pipes!", "99,0": "TEXT:VINE,WARP2", "41,8": "MESSAGE:The exact same setup works for doors! Awesome!", "87,11": "TEXT:PIPE,WARP2", "103,7": "MESSAGE:If you master Mario Editor's warp system, you can make massive and complex levels for others to play!", "4,4": "MESSAGE:Want to make SUPER COMPLEX levels? Mario Editor's warp system has you covered. Lets go over everything in detail...", "33,10": "DESTINATION:DOOR", "91,7": "MESSAGE:Same thing applies to doors, beanstalks, and warp note blocks. For beanstalks, place a warp marker at the top of the level.", "99,7": "BEANSTALK", "28,8": "MESSAGE:Now for the fun part. Destination markers. Place them where you would normally place a Mario object. This means top left corner for warp Mario.", "46,12": "TEXT:BIGPIPE", "75,7": "MESSAGE:Now this is where things really start to get complicated. Section warping! Place a text marker, and use a comma to seperate the warp destination from the section.", "80,5": "DESTINATION:PIPE2", "31,8": "MESSAGE:Now you have set a destination! Now, place a warp marker with a text modifier that matches the destination to warp there!", "35,12": "TEXT:PIPE", "2,2": "DESTINATION:START", "77,7": "MESSAGE:Text marker format:       Destination,Section             Remember this!", "29,9": "DESTINATION:PIPE", "12,8": "MESSAGE:First, pipes! Think of warping Mario as a 2x2 square. Use arrows on the edges of the pipes, just like the following examples!", "96,10": "TEXT:JUMP,WARP2", "93,9": "TEXT:DOOR,WARP2" } }, "BASICS": { "CLASSIC_SCROLL": 0.000000, "TILES_BG": { "25,21": "6,23", "40,24": "7,24", "45,24": "6,23", "105,21": "6,24", "65,24": "35,2", "66,19": "35,1", "36,24": "6,23", "30,18": "11,22", "39,24": "6,24", "28,19": "8,23", "21,24": "7,24", "28,18": "8,23", "59,21": "6,23", "29,18": "10,22", "20,24": "6,24", "52,21": "6,23", "61,24": "6,24", "31,19": "9,23", "96,18": "6,23", "31,18": "9,23", "93,18": "6,24", "41,24": "7,24", "18,24": "6,23", "0,24": "6,23", "65,22": "35,1", "83,20": "6,23", "110,21": "6,23", "28,20": "8,23", "115,21": "6,23", "31,17": "9,23", "28,21": "8,23", "9,24": "6,24", "31,16": "9,22", "107,21": "7,24", "29,17": "9,22", "30,20": "9,23", "11,24": "8,24", "108,21": "8,24", "66,21": "35,1", "42,24": "8,24", "30,21": "9,23", "66,20": "35,1", "95,18": "8,24", "62,24": "8,24", "22,24": "8,24", "94,18": "7,24", "31,20": "9,23", "10,24": "7,24", "103,21": "6,23", "106,21": "7,24", "28,17": "8,22", "31,21": "9,23", "30,17": "8,23", "29,20": "8,23", "30,16": "8,22", "7,24": "6,23", "29,21": "8,23" }, "BACKGROUND": "CLASSIC", "WIDTH": 121.000000, "RAIN": 0.000000, "TILES": { "100,22": "14,19", "112,20": "19,17", "58,24": "10,17", "117,20": "14,16", "105,22": "10,16", "82,21": "10,16", "64,22": "31,0", "57,24": "10,17", "45,26": "10,17", "73,20": "48,1", "95,23": "10,17", "40,26": "10,17", "118,20": "14,17", "32,23": "14,19", "52,24": "10,17", "112,21": "19,17", "58,25": "10,17", "100,23": "10,17", "19,26": "10,17", "105,23": "10,17", "117,21": "14,17", "4,25": "10,16", "16,26": "10,17", "64,23": "31,1", "57,25": "10,17", "118,21": "10,17", "52,25": "10,17", "32,22": "14,18", "1,25": "10,16", "95,22": "10,17", "73,21": "48,1", "13,26": "10,17", "117,22": "10,17", "19,25": "10,16", "79,22": "13,16", "58,26": "10,17", "112,22": "10,16", "95,21": "10,17", "1,26": "10,17", "13,25": "10,16", "73,22": "48,1", "52,26": "10,17", "118,22": "10,17", "57,26": "10,17", "82,23": "10,17", "25,23": "10,17", "4,26": "10,17", "16,25": "10,16", "117,23": "10,17", "112,23": "10,17", "79,23": "13,17", "100,21": "14,18", "118,23": "10,17", "40,25": "10,16", "73,23": "48,1", "95,20": "10,17", "45,25": "10,16", "25,22": "10,16", "76,23": "12,16", "82,22": "10,17", "77,26": "10,17", "92,19": "9,16", "5,22": "8,23", "66,18": "35,0", "65,24": "32,2", "56,22": "10,16", "36,25": "10,16", "60,24": "11,17", "119,26": "10,17", "30,19": "19,16", "33,25": "10,17", "53,22": "10,16", "72,26": "10,17", "97,19": "10,16", "94,25": "10,17", "113,26": "10,17", "69,18": "39,1", "39,25": "10,16", "59,22": "10,16", "120,20": "10,17", "102,18": "9,22", "78,26": "10,17", "101,24": "10,17", "104,24": "10,17", "98,19": "14,18", "116,26": "10,17", "65,25": "10,16", "83,26": "10,17", "56,23": "10,17", "5,23": "8,23", "24,26": "9,17", "94,24": "10,17", "21,26": "10,17", "60,25": "11,17", "86,26": "11,17", "53,23": "10,17", "33,24": "14,19", "101,25": "10,17", "102,19": "9,23", "69,19": "39,1", "59,23": "10,17", "120,21": "10,17", "104,25": "10,17", "85,19": "9,23", "60,26": "11,17", "119,24": "10,17", "86,25": "11,17", "21,25": "10,16", "71,18": "46,0", "72,24": "47,2", "24,25": "9,17", "5,20": "8,22", "77,24": "13,17", "56,20": "8,23", "65,26": "10,17", "83,25": "10,17", "104,26": "10,17", "116,24": "10,17", "120,22": "10,17", "113,24": "10,17", "78,24": "10,17", "101,26": "10,17", "72,25": "10,16", "71,19": "46,1", "94,26": "10,17", "33,26": "10,17", "86,24": "11,17", "85,18": "9,22", "119,25": "10,17", "36,26": "10,17", "56,21": "8,23", "83,24": "10,17", "24,24": "9,17", "77,25": "10,17", "5,21": "8,23", "116,25": "10,17", "78,25": "10,17", "120,23": "10,17", "39,26": "10,17", "113,25": "10,17", "112,24": "10,17", "29,19": "18,16", "79,24": "10,17", "100,26": "10,17", "120,17": "14,16", "105,26": "10,17", "117,24": "10,17", "25,25": "10,17", "76,24": "12,17", "57,20": "9,23", "82,25": "10,17", "64,26": "10,17", "61,26": "10,17", "118,24": "10,17", "84,19": "8,23", "20,25": "10,16", "73,24": "48,2", "70,18": "40,1", "79,25": "10,17", "38,26": "10,17", "111,19": "18,16", "112,25": "10,17", "117,25": "10,17", "37,26": "10,17", "57,21": "9,23", "82,24": "10,17", "25,24": "10,17", "76,25": "10,17", "95,26": "10,17", "70,19": "40,1", "73,25": "10,16", "32,26": "10,17", "118,25": "10,17", "84,18": "8,22", "105,24": "10,17", "117,26": "10,17", "68,18": "38,1", "112,26": "10,17", "38,25": "10,16", "58,22": "10,16", "79,26": "10,17", "100,24": "10,17", "118,26": "10,17", "32,25": "10,17", "52,22": "10,16", "95,25": "10,17", "96,19": "10,16", "73,26": "10,17", "93,19": "10,16", "76,26": "10,17", "64,24": "31,2", "67,18": "36,0", "57,22": "10,16", "37,25": "10,16", "105,25": "10,17", "100,25": "10,17", "68,19": "38,1", "58,23": "10,17", "95,24": "10,17", "20,26": "10,17", "61,25": "10,16", "52,23": "10,17", "32,24": "10,17", "67,19": "36,1", "82,26": "10,17", "64,25": "10,16", "57,23": "10,17", "25,26": "10,17", "56,26": "10,17", "83,23": "10,17", "65,20": "34,1", "24,23": "9,17", "17,25": "10,16", "5,26": "10,17", "12,25": "10,16", "72,22": "47,1", "94,21": "10,17", "0,26": "10,17", "53,26": "10,17", "86,23": "11,17", "119,22": "10,17", "18,25": "10,16", "78,22": "12,16", "101,20": "8,23", "59,26": "10,17", "120,24": "10,17", "113,22": "10,16", "116,22": "14,17", "44,25": "10,16", "24,22": "9,16", "77,23": "13,16", "65,21": "34,1", "83,22": "10,17", "119,23": "10,17", "86,22": "11,17", "41,25": "10,16", "94,20": "10,17", "72,23": "47,1", "120,25": "10,17", "113,23": "10,17", "78,23": "12,17", "101,21": "8,23", "116,23": "10,17", "94,23": "10,17", "72,20": "47,1", "41,26": "10,17", "60,22": "11,16", "119,20": "10,17", "86,21": "11,16", "33,23": "14,18", "53,24": "10,17", "65,22": "32,0", "83,21": "10,16", "56,24": "10,17", "5,24": "8,23", "44,26": "10,17", "104,22": "10,16", "101,22": "10,16", "59,24": "10,17", "120,26": "10,17", "60,23": "11,17", "119,21": "10,17", "53,25": "10,17", "72,21": "47,1", "12,26": "10,17", "0,25": "10,16", "94,22": "10,17", "17,26": "10,17", "5,25": "10,16", "65,23": "32,1", "56,25": "10,17", "104,23": "10,17", "116,21": "14,16", "59,25": "10,17", "101,23": "10,17", "18,26": "10,17", "69,23": "43,1", "102,23": "10,17", "9,25": "10,16", "68,16": "38,1", "107,23": "10,17", "98,22": "10,17", "6,25": "10,16", "92,22": "9,17", "14,26": "10,17", "55,25": "10,17", "56,19": "8,23", "66,23": "37,1", "30,22": "10,16", "50,25": "10,17", "63,23": "30,1", "85,20": "9,23", "97,22": "10,17", "3,25": "10,16", "11,26": "10,17", "108,23": "10,17", "71,21": "46,1", "48,26": "10,17", "102,22": "10,16", "69,22": "43,1", "68,17": "38,1", "98,23": "10,17", "107,22": "10,16", "70,15": "40,0", "56,18": "8,22", "55,24": "10,17", "80,21": "12,16", "66,22": "37,0", "47,26": "10,17", "92,23": "9,17", "6,24": "9,23", "42,26": "10,17", "108,22": "10,16", "71,20": "46,1", "3,24": "19,17", "97,23": "10,17", "50,24": "10,17", "30,23": "10,17", "85,21": "10,16", "63,22": "30,0", "98,20": "14,19", "115,23": "10,17", "110,23": "10,17", "69,21": "43,0", "120,19": "10,17", "102,21": "9,23", "48,25": "14,17", "28,22": "10,16", "85,22": "10,17", "30,20": "19,17", "71,23": "46,1", "97,20": "10,17", "42,25": "10,16", "92,20": "9,17", "27,22": "10,16", "47,25": "10,16", "80,22": "12,17", "70,16": "40,1", "115,22": "10,16", "98,21": "10,17", "68,15": "38,0", "102,20": "9,23", "9,26": "10,17", "28,23": "10,17", "48,24": "14,16", "110,22": "10,16", "69,20": "39,2", "120,18": "14,17", "3,26": "10,17", "97,21": "10,17", "71,22": "46,1", "11,25": "10,16", "85,23": "10,17", "50,26": "10,17", "30,21": "19,17", "80,23": "10,17", "55,26": "10,17", "70,17": "40,1", "92,21": "9,17", "6,26": "10,17", "14,25": "10,16", "27,23": "10,17", "54,23": "10,17", "34,24": "14,18", "67,25": "10,16", "81,26": "10,17", "26,26": "10,17", "93,24": "10,17", "23,26": "10,17", "96,24": "10,17", "2,23": "18,17", "109,25": "10,17", "31,24": "10,17", "51,23": "10,17", "62,25": "10,16", "84,26": "10,17", "29,26": "10,17", "103,25": "10,17", "68,25": "10,16", "106,25": "10,17", "99,24": "10,17", "75,26": "10,17", "93,25": "10,17", "34,25": "14,19", "54,22": "10,16", "67,24": "36,2", "51,22": "10,16", "31,25": "10,17", "95,19": "10,16", "70,26": "10,17", "109,24": "10,17", "2,22": "18,16", "96,25": "10,17", "111,26": "10,17", "68,24": "42,2", "103,24": "10,17", "99,25": "10,17", "106,24": "10,17", "114,26": "10,17", "70,25": "10,16", "96,26": "10,17", "73,19": "48,1", "118,19": "14,16", "84,24": "10,17", "31,26": "10,17", "81,24": "10,17", "34,26": "10,17", "75,25": "13,17", "93,26": "10,17", "26,24": "10,17", "114,25": "10,17", "99,26": "10,17", "49,23": "14,16", "29,24": "10,17", "111,25": "10,17", "112,19": "19,16", "62,26": "10,17", "84,25": "10,17", "73,18": "48,0", "109,26": "10,17", "70,24": "44,2", "23,25": "10,16", "75,24": "13,16", "26,25": "10,17", "67,26": "10,17", "81,25": "10,17", "106,26": "10,17", "114,24": "10,17", "68,26": "10,17", "111,24": "10,17", "103,26": "10,17", "29,25": "10,17", "28,24": "10,17", "110,25": "10,17", "115,25": "10,17", "98,26": "10,17", "80,24": "10,17", "35,26": "10,17", "6,21": "9,23", "92,26": "9,17", "74,25": "12,17", "27,24": "10,17", "72,19": "47,1", "97,26": "10,17", "71,25": "10,16", "85,24": "10,17", "119,19": "14,17", "30,26": "10,17", "69,26": "10,17", "110,24": "10,17", "102,26": "10,17", "28,25": "10,17", "107,26": "10,17", "115,24": "10,17", "74,24": "12,16", "6,20": "9,22", "27,25": "10,17", "80,25": "10,17", "66,26": "10,17", "85,25": "10,17", "119,18": "14,16", "63,26": "10,17", "108,26": "10,17", "71,24": "46,2", "72,18": "47,0", "22,25": "10,16", "98,24": "10,17", "107,25": "10,17", "28,26": "10,17", "101,19": "8,23", "102,25": "10,17", "69,25": "10,16", "22,26": "10,17", "108,25": "10,17", "97,24": "10,17", "3,23": "19,17", "30,24": "10,17", "50,23": "14,17", "85,26": "10,17", "63,25": "10,16", "55,23": "10,17", "80,26": "10,17", "65,19": "34,1", "66,25": "10,16", "27,26": "10,17", "6,23": "9,23", "92,24": "9,17", "107,24": "10,17", "98,25": "10,17", "115,26": "10,17", "110,26": "10,17", "69,24": "43,2", "102,24": "10,17", "101,18": "8,22", "50,22": "14,16", "30,25": "10,17", "63,24": "30,2", "3,22": "19,16", "97,25": "10,17", "71,26": "10,17", "108,24": "10,17", "94,19": "10,16", "92,25": "9,17", "6,22": "9,23", "74,26": "10,17", "35,25": "10,16", "55,22": "10,16", "66,24": "37,2", "65,18": "34,0", "93,20": "10,17", "26,22": "10,16", "46,25": "10,16", "67,21": "36,1", "81,22": "13,17", "84,22": "10,17", "96,20": "10,17", "70,23": "44,1", "43,25": "10,16", "111,23": "10,17", "68,21": "42,0", "49,25": "10,17", "29,22": "10,16", "99,20": "14,18", "114,23": "10,17", "81,23": "10,17", "67,20": "36,1", "54,26": "10,17", "15,25": "10,16", "93,21": "10,17", "7,26": "10,17", "26,23": "10,17", "70,22": "44,1", "10,25": "10,16", "2,26": "10,17", "96,21": "10,17", "84,23": "10,17", "51,26": "10,17", "8,26": "10,17", "29,23": "10,17", "49,24": "14,17", "111,22": "10,16", "68,20": "38,2", "114,22": "10,16", "99,21": "14,19", "69,15": "39,0", "31,22": "10,16", "51,25": "10,17", "84,20": "8,23", "10,26": "10,17", "109,23": "10,17", "70,21": "44,0", "96,22": "10,17", "2,25": "10,16", "15,26": "10,17", "7,25": "10,16", "93,22": "10,17", "57,19": "9,23", "54,25": "10,17", "67,23": "36,1", "69,16": "39,1", "99,22": "10,17", "106,23": "10,17", "111,21": "18,17", "68,23": "42,1", "29,20": "18,17", "8,25": "10,16", "103,23": "10,17", "43,26": "10,17", "2,24": "18,17", "96,23": "10,17", "109,22": "10,16", "70,20": "40,2", "51,24": "10,17", "31,23": "10,17", "84,21": "10,16", "54,24": "10,17", "57,18": "9,22", "67,22": "36,1", "81,21": "13,16", "46,26": "10,17", "93,23": "10,17", "69,17": "39,1", "106,22": "10,16", "99,23": "10,17", "29,21": "18,17", "49,26": "10,17", "103,22": "10,16", "111,20": "18,17", "68,22": "42,1" }, "KEEP_POWERUP": 1.000000, "OBJECTS": { "116,15": "COIN", "72,15": "CHECKPOINT", "4,24": "MULTICOIN BLOCK", "20,21": "BRICK", "119,14": "COIN", "91,17": "COIN", "116,17": "COIN", "37,21": "MESSAGE BLOCK", "89,17": "COIN", "13,24": "QUESTION BLOCK", "86,17": "TRIPLE HIDDEN BLOCK", "17,21": "BRICK", "118,13": "COIN", "30,19": "PIRANHA PLANT", "69,18": "CHECKPOINT", "18,21": "BRICK", "41,21": "MESSAGE BLOCK", "56,20": "BLUE BRICK", "115,18": "COIN", "56,21": "BLUE BRICK", "57,20": "BLUE BRICK", "58,21": "BLUE BRICK", "57,21": "BLUE BRICK", "26,18": "MESSAGE BLOCK", "19,21": "MESSAGE BLOCK", "116,13": "COIN", "16,21": "MESSAGE BLOCK", "45,21": "MESSAGE BLOCK", "95,15": "MESSAGE BLOCK", "60,21": "RED KOOPA", "12,24": "KOOPA", "117,16": "COIN", "90,16": "COIN", "118,15": "COIN", "72,21": "MESSAGE BLOCK", "117,14": "COIN", "53,18": "MESSAGE BLOCK", "18,18": "COIN", "17,18": "COIN", "18,19": "COIN", "17,19": "COIN", "64,19": "CHECKPOINT", "15,21": "BRICK", "88,18": "COIN", "69,12": "CHECKPOINT", "87,19": "COIN", "48,17": "BUBBLE GOOMBA", "43,16": "BUBBLE COIN", "55,21": "BLUE BRICK", "51,16": "BUBBLE COIN", "104,18": "MESSAGE BLOCK", "16,18": "COIN", "19,18": "COIN", "115,16": "COIN", "16,19": "COIN", "66,15": "CHECKPOINT", "19,19": "COIN", "115,14": "COIN", "8,24": "GOOMBA" }, "HEIGHT": 27.000000, "MARKERS": { "111,19": "WARP TOP", "4,23": "UP", "111,22": "WARP MARKER" }, "MUSIC": "BLOCKS", "MODIFIERS": { "37,21": "MESSAGE:Did you see the gold outline on your health meter? That means that you will not lose your powerup when you get hurt! Use this to make levels that require powerups!", "13,24": "FIRE FLOWER", "86,17": "POISON SHROOM", "41,21": "MESSAGE:Each level is made up of multiple sections. Each section is like its own mini level. Link together multiple sections to create mega levels!", "26,18": "MESSAGE:Normal tiles have collisions associated with them automatically! Background tiles do not. Background tiles also appear behind piranha plants!", "19,21": "MESSAGE:When you have something selected, you will only delete stuff in the same layer. If you have nothing selected, you will delete everything below your cursor.", "16,21": "MESSAGE:Using Mario Editor is easy! Just select something to place from the top menu, and place it down with left click. Use the right click to delete stuff.", "45,21": "MESSAGE:The settings in the Settings menu are section specific. Give each section its own unique flair!", "87,17": "POISON SHROOM", "95,15": "MESSAGE:That trap was unfair, right? Thankfully, you didn't have to replay the whole level to get back here thanks to checkpoints! Woohoo!", "88,17": "POISON SHROOM", "72,21": "MESSAGE:Mario Editor supports infinite checkpoints per level. Make sure to use LOTS of checkpoints in your levels. People will thank you!", "53,18": "MESSAGE:You can test out your levels without saving them! Simply click play to do so!", "2,23": "DESTINATION:START", "104,18": "MESSAGE:Use the arrow keys while holding down SHIFT to resize the level. You will not be able to make the level smaller if there are things placed in the way.", "111,22": "TEXT:BIGPIPE,MAIN" } }, "MAIN": { "CLASSIC_SCROLL": 0.000000, "TILES_BG": { "8,19": "46,28", "61,23": "11,5", "40,24": "46,28", "87,23": "11,5", "64,20": "46,28", "45,24": "46,28", "19,24": "46,28", "12,21": "11,5", "101,24": "46,28", "104,24": "46,28", "66,19": "46,28", "36,24": "46,28", "94,24": "46,28", "39,24": "46,28", "53,20": "46,28", "119,24": "46,28", "18,23": "46,28", "21,24": "46,28", "53,21": "46,28", "74,19": "46,28", "89,24": "43,28", "58,20": "46,28", "19,23": "46,28", "81,19": "46,28", "84,19": "46,28", "88,24": "18,7", "57,21": "46,28", "75,19": "46,28", "16,22": "18,7", "20,24": "46,28", "52,21": "46,28", "100,24": "46,28", "52,22": "46,28", "13,21": "13,7", "57,22": "46,28", "95,24": "46,28", "32,24": "46,28", "67,19": "46,28", "44,24": "46,28", "41,24": "46,28", "125,24": "46,28", "86,22": "11,5", "83,20": "46,28", "59,19": "46,28", "59,18": "46,28", "6,24": "46,28", "85,21": "13,7", "63,21": "11,5", "123,24": "46,28", "64,19": "46,28", "93,24": "46,28", "90,18": "46,28", "15,21": "11,5", "90,19": "46,28", "109,24": "46,28", "10,22": "11,5", "78,19": "46,28", "77,19": "46,28", "27,24": "9,7", "11,22": "11,5", "22,24": "46,28", "110,24": "46,28", "83,19": "46,28", "98,24": "46,28", "9,23": "17,7", "35,24": "46,28", "6,23": "46,28", "92,24": "46,28", "108,24": "46,28", "19,18": "46,28", "43,24": "46,28", "49,24": "46,28", "122,24": "46,28", "84,20": "46,28", "58,19": "46,28", "62,22": "11,5" }, "BACKGROUND": "WATERFALL", "WIDTH": 126.000000, "RAIN": 0.000000, "TILES": { "8,18": "46,27", "79,20": "11,4", "100,22": "46,27", "38,23": "19,17", "58,24": "11,5", "121,26": "11,5", "88,21": "11,5", "124,26": "11,5", "82,21": "11,5", "64,22": "11,5", "57,24": "11,5", "37,23": "18,17", "76,20": "11,4", "4,24": "46,28", "45,26": "11,5", "73,20": "11,4", "95,23": "46,27", "1,24": "44,28", "40,26": "11,5", "87,21": "11,5", "61,22": "11,5", "32,23": "46,27", "52,24": "9,7", "58,25": "11,4", "38,22": "19,16", "79,21": "11,5", "100,23": "46,27", "8,19": "14,0", "19,26": "11,5", "88,20": "11,5", "90,22": "18,7", "4,25": "11,4", "16,26": "11,5", "76,21": "11,5", "64,23": "11,5", "82,20": "11,4", "37,22": "18,16", "57,25": "11,4", "61,23": "14,0", "87,20": "11,5", "52,25": "11,4", "32,22": "46,26", "1,25": "11,4", "95,22": "46,26", "73,21": "11,5", "13,26": "11,5", "78,17": "46,26", "124,24": "19,7", "88,23": "11,5", "19,25": "11,5", "79,22": "11,5", "100,20": "46,26", "58,26": "11,5", "121,24": "44,28", "20,23": "46,27", "1,26": "11,5", "10,19": "11,5", "13,25": "11,5", "73,22": "11,5", "52,26": "11,5", "61,20": "11,5", "87,23": "15,0", "57,26": "11,5", "64,20": "14,0", "82,23": "11,5", "25,23": "37,30", "4,26": "11,5", "15,19": "13,7", "90,21": "11,5", "76,22": "11,5", "16,25": "11,5", "124,25": "11,4", "88,22": "11,5", "121,25": "11,4", "79,23": "11,5", "100,21": "46,27", "19,24": "12,0", "87,22": "11,5", "61,21": "11,5", "20,22": "46,26", "40,25": "11,4", "73,23": "11,5", "13,24": "11,5", "10,18": "12,7", "45,25": "11,4", "25,22": "37,29", "16,24": "11,5", "76,23": "11,5", "90,20": "15,1", "82,22": "11,5", "64,21": "14,1", "77,26": "11,5", "17,21": "18,7", "5,22": "46,27", "91,25": "11,4", "66,18": "46,27", "65,24": "11,5", "56,22": "11,5", "36,25": "11,4", "60,24": "14,0", "119,26": "11,5", "33,25": "11,4", "53,22": "14,1", "12,21": "9,7", "72,26": "11,5", "94,25": "11,4", "41,20": "46,26", "113,26": "11,5", "69,18": "30,19", "39,25": "11,4", "59,22": "17,7", "78,26": "11,5", "58,17": "46,26", "116,26": "11,5", "65,25": "11,5", "83,26": "11,5", "56,23": "11,5", "91,24": "19,7", "5,23": "46,27", "17,20": "11,5", "24,26": "11,5", "12,20": "14,7", "21,26": "11,5", "41,21": "46,27", "60,25": "14,1", "86,26": "11,5", "53,23": "11,5", "33,24": "43,28", "101,25": "11,4", "18,20": "18,7", "69,19": "30,19", "89,26": "11,5", "19,15": "46,26", "104,25": "11,4", "60,26": "11,5", "86,25": "11,5", "41,22": "46,27", "21,25": "11,4", "12,23": "11,5", "72,24": "11,5", "24,25": "11,4", "5,20": "46,26", "74,18": "46,27", "77,24": "11,5", "17,23": "13,1", "80,19": "27,17", "65,26": "11,5", "83,25": "11,5", "104,26": "11,5", "19,16": "46,27", "125,22": "46,26", "89,25": "13,1", "59,20": "14,1", "28,19": "38,28", "18,23": "15,0", "78,24": "11,5", "101,26": "11,5", "41,23": "46,27", "72,25": "11,5", "12,22": "11,4", "71,19": "43,28", "94,26": "11,5", "53,21": "14,0", "33,26": "11,5", "86,24": "11,5", "119,25": "11,4", "36,26": "11,5", "56,21": "14,7", "83,24": "11,5", "80,18": "27,17", "44,23": "46,26", "24,24": "37,30", "17,22": "13,0", "77,25": "11,5", "91,26": "11,5", "5,21": "46,27", "125,23": "46,27", "19,17": "46,27", "116,25": "11,4", "89,24": "13,0", "78,25": "11,5", "18,22": "46,26", "59,21": "11,5", "39,26": "11,5", "113,25": "11,4", "58,20": "14,0", "29,19": "39,28", "79,24": "11,5", "100,26": "11,5", "105,26": "11,5", "88,25": "11,5", "25,25": "11,4", "45,22": "46,26", "76,24": "11,5", "16,23": "11,5", "75,18": "46,27", "57,20": "46,27", "82,25": "11,5", "64,26": "11,5", "52,20": "46,27", "87,25": "11,5", "61,26": "11,5", "118,24": "9,7", "40,22": "46,26", "20,25": "13,1", "13,23": "11,5", "73,24": "11,5", "70,18": "31,19", "79,25": "11,5", "19,22": "46,27", "58,21": "15,7", "38,26": "11,5", "112,25": "11,4", "18,17": "15,0", "88,24": "12,0", "117,25": "11,4", "37,26": "11,5", "81,18": "46,27", "82,24": "11,5", "45,23": "46,27", "25,24": "38,30", "90,26": "11,5", "16,22": "12,0", "76,25": "11,5", "20,24": "13,0", "40,23": "46,27", "95,26": "11,5", "70,19": "31,19", "73,25": "11,5", "13,22": "11,4", "32,26": "11,5", "17,17": "11,7", "118,25": "11,4", "84,18": "46,27", "87,24": "15,1", "105,24": "43,28", "59,17": "46,27", "117,26": "11,5", "112,26": "11,5", "38,25": "11,4", "19,21": "46,26", "79,26": "11,5", "61,24": "14,1", "118,26": "11,5", "32,25": "11,4", "52,22": "14,0", "95,25": "11,4", "13,21": "14,7", "73,26": "11,5", "4,22": "46,26", "90,25": "11,4", "76,26": "11,5", "16,21": "11,5", "64,24": "11,5", "67,18": "46,26", "57,22": "14,7", "37,25": "11,4", "88,26": "11,5", "59,16": "46,26", "105,25": "11,4", "100,25": "11,4", "68,19": "19,7", "58,23": "14,7", "38,24": "19,17", "20,26": "11,5", "62,19": "14,7", "87,26": "11,5", "61,25": "11,5", "52,23": "15,7", "82,26": "11,5", "64,25": "11,5", "37,24": "18,17", "57,23": "11,5", "16,20": "11,5", "90,24": "44,28", "4,23": "46,27", "25,26": "11,5", "56,26": "11,5", "83,23": "11,5", "65,20": "11,4", "24,23": "37,29", "77,22": "11,5", "17,25": "11,5", "5,26": "11,5", "91,21": "16,7", "21,23": "46,27", "12,25": "11,5", "72,22": "11,5", "0,26": "11,5", "11,19": "14,7", "53,26": "11,5", "86,23": "15,1", "60,20": "11,5", "18,25": "11,5", "78,22": "11,5", "39,21": "46,26", "59,26": "11,5", "120,24": "43,28", "79,17": "26,16", "89,23": "18,7", "44,25": "11,4", "91,20": "15,0", "17,24": "11,5", "77,23": "11,5", "65,21": "11,5", "83,22": "11,5", "60,21": "11,5", "119,23": "46,26", "86,22": "15,0", "21,22": "46,27", "41,25": "11,4", "72,23": "11,5", "12,24": "11,5", "120,25": "11,4", "78,23": "11,5", "101,21": "46,26", "18,24": "15,1", "125,25": "11,4", "89,22": "11,5", "94,23": "46,26", "0,24": "43,28", "72,20": "11,4", "41,26": "11,5", "21,21": "46,27", "60,22": "11,5", "86,21": "11,5", "53,24": "17,7", "90,16": "46,26", "65,22": "11,5", "83,21": "11,5", "56,24": "11,5", "36,23": "46,27", "5,24": "46,28", "77,20": "11,4", "44,26": "11,5", "89,21": "11,5", "125,26": "11,5", "104,22": "46,26", "9,18": "14,0", "78,20": "11,4", "101,22": "46,27", "39,23": "46,27", "59,24": "14,7", "120,26": "11,5", "86,20": "13,7", "60,23": "17,7", "53,25": "11,4", "90,17": "46,27", "72,21": "11,5", "12,26": "11,5", "0,25": "11,4", "21,20": "46,26", "17,26": "11,5", "77,21": "11,5", "5,25": "11,4", "83,20": "12,0", "65,23": "11,5", "36,22": "46,26", "56,25": "11,4", "104,23": "46,27", "89,20": "11,5", "59,25": "11,4", "39,22": "46,27", "78,21": "11,5", "101,23": "46,27", "9,19": "14,1", "18,26": "11,5", "59,19": "14,0", "69,23": "11,5", "110,21": "46,26", "28,20": "38,29", "9,25": "11,5", "98,22": "46,26", "27,20": "37,29", "6,25": "10,1", "92,22": "46,27", "74,21": "11,5", "14,26": "11,5", "55,25": "11,4", "66,23": "11,5", "80,20": "11,4", "30,22": "24,21", "50,25": "11,4", "53,19": "46,27", "63,23": "11,5", "97,22": "27,18", "3,25": "11,4", "11,26": "11,5", "71,21": "11,5", "108,23": "46,27", "28,21": "38,30", "48,26": "11,5", "9,24": "11,5", "123,26": "11,5", "69,22": "11,5", "98,23": "46,27", "35,23": "46,26", "55,24": "11,5", "80,21": "11,5", "66,22": "11,5", "47,26": "11,5", "27,21": "37,30", "74,20": "11,4", "92,23": "46,27", "6,24": "10,0", "22,21": "46,26", "42,26": "11,5", "71,20": "11,4", "108,22": "46,26", "3,24": "46,28", "97,23": "27,19", "53,18": "46,26", "50,24": "43,28", "30,23": "25,21", "85,21": "15,0", "63,22": "14,1", "69,21": "11,5", "110,23": "46,27", "123,25": "11,4", "18,18": "15,1", "48,25": "11,4", "28,22": "38,31", "85,22": "15,1", "63,21": "14,0", "75,16": "46,26", "30,20": "40,29", "11,24": "11,5", "71,23": "11,5", "42,25": "11,4", "81,17": "46,26", "22,22": "46,27", "74,23": "11,5", "14,24": "11,5", "17,18": "11,5", "92,20": "46,26", "27,22": "38,30", "47,25": "11,4", "84,17": "46,26", "80,22": "11,5", "66,21": "11,5", "9,26": "11,5", "18,19": "11,5", "28,23": "39,31", "48,24": "19,19", "69,20": "11,4", "110,22": "46,27", "3,26": "11,5", "71,22": "11,5", "11,25": "11,5", "22,23": "46,27", "42,24": "9,7", "63,20": "14,7", "85,23": "11,5", "50,26": "11,5", "30,21": "40,30", "75,17": "46,27", "66,20": "11,4", "80,23": "11,5", "55,26": "11,5", "70,17": "31,18", "92,21": "46,27", "6,26": "11,5", "17,19": "11,5", "14,25": "11,5", "74,22": "11,5", "47,24": "18,19", "27,23": "38,31", "54,23": "11,5", "34,24": "44,28", "67,25": "11,5", "81,26": "11,5", "26,26": "11,5", "15,20": "11,5", "23,26": "11,5", "96,24": "26,19", "2,23": "46,27", "10,20": "11,5", "109,25": "11,4", "31,24": "19,7", "62,25": "11,5", "61,19": "11,5", "84,26": "11,5", "29,26": "11,5", "103,25": "11,4", "8,23": "10,0", "68,25": "11,5", "106,25": "11,4", "99,24": "9,7", "15,21": "19,7", "90,19": "15,0", "75,26": "11,5", "93,25": "11,4", "34,25": "11,4", "54,22": "11,5", "64,18": "46,26", "67,24": "11,5", "31,25": "11,4", "61,18": "12,7", "62,24": "11,5", "70,26": "11,5", "10,21": "11,5", "2,22": "46,26", "96,25": "11,4", "68,24": "11,5", "111,26": "11,5", "8,22": "17,7", "99,25": "11,4", "106,24": "44,28", "114,26": "11,5", "10,22": "10,0", "70,25": "11,5", "96,26": "11,5", "73,19": "19,7", "43,23": "46,27", "23,24": "37,29", "84,24": "11,5", "31,26": "11,5", "81,24": "11,5", "54,21": "14,1", "34,26": "11,5", "75,25": "11,5", "15,22": "11,4", "7,21": "15,7", "93,26": "11,5", "76,19": "9,7", "26,24": "38,31", "114,25": "11,4", "88,18": "11,7", "99,26": "11,5", "79,19": "26,17", "8,21": "11,5", "49,23": "46,27", "29,24": "26,21", "111,25": "11,4", "122,23": "46,27", "62,26": "11,5", "87,19": "13,7", "84,25": "11,5", "70,24": "11,5", "109,26": "11,5", "10,23": "10,1", "23,25": "11,4", "43,22": "46,26", "7,20": "14,0", "15,23": "11,5", "75,24": "11,5", "26,25": "11,4", "67,26": "11,5", "82,19": "9,7", "81,25": "11,5", "54,20": "14,0", "106,26": "11,5", "88,19": "11,5", "68,26": "11,5", "111,24": "19,7", "122,22": "46,26", "103,26": "11,5", "8,20": "14,1", "79,18": "26,17", "29,25": "11,4", "49,22": "46,26", "9,21": "11,5", "48,23": "19,19", "28,24": "45,28", "110,25": "11,4", "123,23": "46,27", "89,18": "15,0", "115,25": "11,4", "98,26": "11,5", "83,18": "46,26", "80,24": "11,5", "55,21": "11,5", "35,26": "11,5", "6,21": "46,26", "92,26": "11,5", "74,25": "11,5", "14,22": "11,4", "27,24": "39,31", "47,23": "18,19", "72,19": "44,28", "97,26": "11,5", "3,21": "46,26", "11,22": "11,0", "71,25": "11,5", "85,24": "11,5", "30,26": "11,5", "69,26": "11,5", "123,22": "46,27", "9,20": "11,5", "78,18": "46,27", "102,26": "11,5", "28,25": "11,4", "48,22": "19,18", "107,26": "11,5", "89,19": "15,1", "14,23": "11,5", "74,24": "11,5", "77,18": "46,26", "47,22": "18,18", "27,25": "11,4", "80,25": "11,5", "66,26": "11,5", "55,20": "12,7", "85,25": "11,5", "63,26": "11,5", "71,24": "11,5", "108,26": "11,5", "11,23": "11,5", "22,25": "11,4", "8,16": "46,26", "107,25": "11,4", "28,26": "11,5", "9,23": "11,0", "102,25": "11,4", "123,21": "46,26", "69,25": "11,5", "22,26": "11,5", "11,20": "11,5", "108,25": "11,4", "97,24": "27,19", "3,23": "46,27", "30,24": "26,21", "85,26": "11,5", "60,19": "14,1", "63,25": "11,5", "55,23": "11,5", "80,26": "11,5", "65,19": "9,7", "66,25": "11,5", "27,26": "11,5", "14,20": "13,7", "107,24": "9,7", "98,25": "11,4", "8,17": "46,27", "115,26": "11,5", "69,24": "11,5", "110,26": "11,5", "102,24": "19,7", "9,22": "11,5", "30,25": "11,4", "63,24": "11,5", "60,18": "14,0", "3,22": "46,27", "97,25": "11,4", "71,26": "11,5", "11,21": "11,5", "92,25": "11,4", "6,22": "46,27", "14,21": "11,5", "74,26": "11,5", "35,25": "11,4", "55,22": "11,5", "66,24": "11,5", "16,18": "13,7", "75,23": "11,5", "15,24": "11,5", "26,22": "37,30", "46,25": "11,4", "67,21": "11,5", "81,22": "11,5", "62,21": "11,5", "84,22": "11,5", "10,24": "11,5", "70,23": "11,5", "109,21": "46,27", "43,25": "11,4", "80,17": "27,16", "68,21": "11,5", "122,25": "11,4", "19,18": "15,0", "49,25": "11,4", "29,22": "39,31", "81,23": "11,5", "67,20": "11,4", "54,26": "11,5", "15,25": "11,5", "75,22": "11,5", "93,21": "46,26", "7,26": "11,5", "16,19": "11,5", "46,24": "19,7", "26,23": "38,30", "70,22": "11,5", "109,20": "46,26", "10,25": "11,5", "2,26": "11,5", "84,23": "11,5", "62,20": "11,5", "74,17": "46,26", "51,26": "11,5", "8,26": "11,5", "19,19": "16,7", "29,23": "24,21", "68,20": "11,4", "52,19": "46,26", "51,25": "11,4", "84,20": "13,0", "62,23": "14,1", "10,26": "11,5", "70,21": "11,5", "109,23": "46,27", "96,22": "26,18", "2,25": "11,4", "75,21": "11,5", "15,26": "11,5", "7,25": "11,5", "93,22": "46,27", "57,19": "46,26", "54,25": "11,4", "81,20": "11,4", "67,23": "11,5", "68,23": "11,5", "29,20": "39,29", "8,25": "11,5", "66,17": "46,26", "43,26": "11,5", "2,24": "46,28", "96,23": "26,19", "70,20": "11,4", "109,22": "46,27", "51,24": "44,28", "62,22": "14,0", "84,21": "13,1", "54,24": "11,5", "67,22": "11,5", "81,21": "11,5", "46,26": "11,5", "26,21": "37,29", "93,23": "46,27", "7,24": "11,0", "75,20": "11,4", "69,17": "30,18", "29,21": "39,30", "49,26": "11,5", "8,24": "10,1", "58,18": "46,27", "122,26": "11,5", "68,22": "11,5" }, "KEEP_POWERUP": 0.000000, "OBJECTS": { "91,17": "COIN", "51,19": "COIN", "77,16": "MESSAGE BLOCK", "91,15": "COIN", "57,17": "COIN", "92,18": "COIN", "58,16": "COIN", "57,15": "COIN", "19,16": "COIN", "59,15": "COIN", "52,20": "COIN", "23,19": "BRICK", "59,17": "COIN", "53,17": "COIN", "18,15": "COIN", "45,21": "MESSAGE BLOCK", "94,21": "MESSAGE BLOCK", "90,14": "COIN", "14,18": "MESSAGE BLOCK", "20,17": "COIN", "90,16": "COIN", "6,18": "COIN", "20,15": "COIN", "53,19": "COIN", "67,16": "MESSAGE BLOCK", "103,14": "FLAGPOLE", "35,21": "MESSAGE BLOCK", "2,23": "MARIO", "6,16": "COIN", "103,24": "BUMP BLOCK", "115,24": "END CASTLE", "24,19": "MULTICOIN SHROOM BLOCK", "7,15": "COIN", "8,16": "COIN", "7,17": "COIN", "51,17": "COIN", "55,22": "CHECKPOINT", "92,16": "COIN", "52,18": "COIN", "58,18": "COIN" }, "HEIGHT": 27.000000, "MARKERS": { "79,20": "WARP MARKER", "37,22": "WARP TOP", "37,25": "WARP MARKER", "79,17": "WARP TOP", "47,25": "WARP MARKER", "69,20": "WARP MARKER", "96,25": "WARP MARKER", "47,22": "WARP TOP", "26,22": "DIAGONAL WARP CANNON", "96,22": "WARP TOP", "69,17": "WARP TOP" }, "MUSIC": "SAFARI", "MODIFIERS": { "79,20": "TEXT:START,TIPS", "77,16": "MESSAGE:Tutorial 4: Tips & Tricks", "37,25": "TEXT:START,BASICS", "45,21": "MESSAGE:Tutorial 2: Modifiers", "94,21": "MESSAGE:Final Thoughts", "14,18": "MESSAGE:Welcome to the Mario Editor Tutorial! For the full experience, make sure that you play AND edit this level!", "67,16": "MESSAGE:Tutorial 3: Warp System", "47,25": "TEXT:START,MODIFIERS", "69,20": "TEXT:START,WARP", "35,21": "MESSAGE:Tutorial 1: Mario Editor Basics", "96,25": "TEXT:START,FINAL", "26,22": "DESTINATION:BIGPIPE" } }, "MODIFIERS": { "CLASSIC_SCROLL": 0.000000, "TILES_BG": { "38,23": "21,13", "37,23": "21,13", "38,22": "21,13", "153,22": "9,23", "40,24": "21,13", "13,25": "9,23", "40,25": "21,13", "44,20": "21,13", "39,25": "21,13", "176,21": "9,23", "44,21": "21,13", "39,24": "21,13", "86,25": "8,23", "44,22": "21,13", "41,23": "21,13", "86,24": "8,23", "176,22": "9,23", "45,22": "21,13", "87,25": "9,23", "40,22": "21,13", "45,23": "21,13", "40,23": "21,13", "87,24": "9,23", "136,22": "9,23", "45,20": "21,13", "136,23": "9,23", "38,24": "21,13", "45,21": "21,13", "41,24": "21,13", "12,25": "8,23", "39,21": "21,13", "65,21": "8,23", "41,25": "21,13", "65,22": "8,23", "152,23": "8,23", "39,23": "21,13", "39,22": "21,13", "152,22": "8,23", "6,25": "8,23", "66,22": "9,23", "6,24": "8,23", "48,25": "21,13", "42,25": "21,13", "47,25": "21,13", "66,21": "9,23", "48,24": "21,13", "42,24": "21,13", "47,24": "21,13", "46,21": "21,13", "43,21": "21,13", "135,23": "8,23", "46,20": "21,13", "135,22": "8,23", "46,23": "21,13", "29,24": "8,23", "46,22": "21,13", "29,25": "8,23", "48,23": "21,13", "175,22": "8,23", "47,23": "21,13", "48,22": "21,13", "167,21": "8,23", "175,23": "8,23", "47,22": "21,13", "168,21": "9,23", "167,22": "8,23", "168,22": "9,23", "30,24": "9,23", "47,21": "21,13", "175,21": "8,23", "30,25": "9,23", "168,23": "9,23", "45,19": "21,13", "43,25": "21,13", "46,24": "21,13", "7,25": "9,23", "7,24": "9,23", "135,24": "8,23" }, "BACKGROUND": "FOREST", "WIDTH": 178.000000, "RAIN": 0.000000, "TILES": { "19,27": "21,13", "160,25": "21,13", "153,23": "24,9", "172,27": "21,13", "58,24": "21,13", "177,27": "21,13", "165,25": "21,13", "156,23": "21,13", "136,24": "21,12", "64,22": "23,9", "57,24": "21,13", "16,27": "21,13", "45,26": "21,12", "13,27": "21,13", "40,26": "21,12", "159,23": "21,13", "61,22": "21,13", "52,24": "21,13", "172,26": "21,13", "58,25": "21,13", "19,26": "21,12", "160,24": "21,13", "153,22": "24,8", "133,25": "21,12", "165,24": "21,13", "136,25": "21,13", "156,22": "24,15", "177,26": "21,13", "4,25": "44,27", "16,26": "21,12", "45,27": "21,13", "64,23": "21,13", "37,22": "24,9", "57,25": "21,13", "54,19": "47,28", "61,23": "21,13", "52,25": "21,13", "51,19": "45,28", "1,25": "47,28", "13,26": "21,12", "159,22": "21,13", "40,27": "21,13", "177,25": "21,13", "136,26": "21,13", "165,27": "21,13", "133,26": "21,13", "153,21": "9,22", "160,27": "21,13", "38,21": "24,9", "58,26": "21,13", "172,25": "21,13", "159,21": "21,12", "1,26": "21,12", "52,26": "21,13", "61,20": "22,8", "87,23": "9,22", "57,26": "21,13", "37,21": "24,8", "45,24": "27,15", "4,26": "21,12", "136,27": "21,13", "165,26": "21,13", "177,24": "21,13", "58,27": "21,13", "38,20": "24,8", "172,24": "21,12", "133,27": "21,13", "160,26": "21,13", "52,27": "21,13", "61,21": "21,13", "159,20": "45,28", "43,19": "24,8", "13,24": "9,22", "1,27": "21,13", "45,25": "45,28", "46,19": "24,15", "4,27": "21,13", "57,27": "21,13", "64,21": "23,8", "77,26": "25,9", "91,25": "9,15", "24,27": "21,13", "83,27": "21,13", "65,24": "21,13", "56,22": "21,13", "36,25": "9,15", "86,27": "21,13", "60,24": "21,13", "33,25": "29,15", "53,22": "21,13", "72,26": "21,13", "94,25": "47,28", "21,27": "21,13", "158,25": "20,13", "59,22": "21,13", "161,23": "21,13", "78,26": "21,12", "164,23": "21,13", "157,25": "21,13", "89,27": "21,13", "65,25": "21,13", "83,26": "21,12", "56,23": "21,13", "77,27": "21,13", "24,26": "21,12", "72,27": "21,13", "21,26": "21,12", "158,24": "20,13", "138,23": "44,27", "60,25": "21,13", "86,26": "21,12", "53,23": "21,13", "78,27": "21,13", "161,22": "21,13", "152,24": "25,15", "59,23": "21,13", "89,26": "21,12", "176,20": "9,22", "164,22": "21,13", "137,23": "45,28", "157,24": "21,13", "33,27": "21,13", "53,20": "21,12", "60,26": "21,13", "41,22": "24,15", "158,27": "20,13", "21,25": "29,15", "94,27": "21,13", "72,24": "21,12", "24,25": "45,28", "91,27": "21,13", "56,20": "21,12", "36,27": "21,13", "65,26": "21,13", "157,27": "21,13", "164,21": "22,8", "176,23": "20,9", "39,27": "21,13", "59,20": "21,12", "173,23": "47,28", "161,21": "21,12", "158,26": "20,13", "72,25": "21,13", "94,26": "21,12", "53,21": "21,13", "33,26": "21,12", "60,27": "21,13", "36,26": "21,12", "56,21": "21,13", "65,27": "21,13", "44,23": "27,15", "77,25": "25,8", "91,26": "21,12", "176,22": "20,8", "157,26": "21,13", "78,25": "29,15", "161,20": "9,15", "59,21": "21,13", "39,26": "21,12", "38,27": "21,13", "58,20": "21,12", "172,23": "19,17", "160,21": "21,12", "156,27": "21,13", "165,21": "23,8", "177,23": "21,13", "88,25": "29,15", "25,25": "44,27", "76,24": "25,8", "90,27": "21,13", "57,20": "21,12", "37,27": "21,13", "64,26": "21,13", "32,27": "21,13", "52,20": "21,12", "61,26": "21,13", "159,27": "21,13", "73,24": "21,12", "95,27": "22,13", "79,25": "9,15", "160,20": "29,15", "58,21": "21,13", "38,26": "21,12", "172,22": "19,17", "177,22": "21,8", "136,21": "9,22", "156,26": "21,13", "37,26": "21,12", "57,21": "21,13", "64,27": "21,13", "90,26": "21,12", "76,25": "25,9", "159,26": "21,13", "95,26": "22,12", "73,25": "21,13", "52,21": "21,13", "32,26": "21,12", "61,27": "21,13", "165,23": "21,13", "156,25": "21,13", "88,27": "21,13", "172,21": "19,16", "38,25": "27,15", "58,22": "21,13", "160,23": "21,13", "79,26": "21,12", "153,25": "27,15", "61,24": "21,13", "87,27": "21,13", "32,25": "45,28", "52,22": "21,13", "73,26": "21,13", "20,27": "21,13", "159,25": "21,13", "90,25": "45,28", "76,26": "21,13", "25,27": "21,13", "64,24": "21,13", "82,27": "21,13", "57,22": "21,13", "37,25": "44,27", "88,26": "21,12", "165,22": "23,9", "156,24": "21,13", "79,27": "21,13", "160,22": "21,13", "153,24": "21,13", "58,23": "21,13", "73,27": "21,13", "20,26": "21,12", "159,24": "21,13", "40,21": "24,15", "87,26": "21,12", "61,25": "21,13", "52,23": "21,13", "82,26": "21,12", "64,25": "21,13", "37,24": "27,15", "57,23": "21,13", "76,27": "21,13", "25,26": "21,12", "56,26": "21,13", "65,20": "8,22", "17,25": "9,15", "5,26": "21,12", "138,26": "22,13", "158,21": "20,12", "0,26": "21,12", "53,26": "21,13", "86,23": "8,22", "60,20": "21,12", "132,26": "21,13", "152,21": "8,22", "161,27": "21,13", "18,25": "47,28", "59,26": "21,13", "173,25": "21,13", "176,25": "21,13", "137,26": "21,13", "164,27": "21,13", "44,25": "24,15", "5,27": "21,13", "56,27": "21,13", "53,27": "21,13", "60,21": "21,13", "138,27": "22,13", "0,27": "21,13", "72,23": "47,28", "12,24": "8,22", "59,27": "21,13", "39,20": "22,15", "173,24": "21,12", "132,27": "21,13", "161,26": "21,13", "137,27": "21,13", "164,26": "21,13", "176,24": "21,13", "12,27": "21,13", "41,26": "21,12", "138,24": "22,12", "158,23": "20,13", "60,22": "21,13", "53,24": "21,13", "65,22": "22,8", "56,24": "21,13", "36,23": "25,15", "17,27": "21,13", "44,26": "21,12", "176,27": "21,13", "164,25": "21,13", "157,23": "24,15", "137,24": "21,12", "18,27": "21,13", "161,25": "21,13", "132,24": "47,28", "152,23": "24,8", "173,27": "21,13", "59,24": "21,13", "60,23": "21,13", "50,19": "9,15", "53,25": "21,13", "12,26": "21,12", "0,25": "45,28", "158,22": "20,13", "41,27": "21,13", "138,25": "22,13", "17,26": "21,12", "5,25": "45,28", "44,27": "21,13", "65,23": "21,13", "36,22": "24,8", "56,25": "21,13", "164,24": "21,13", "137,25": "21,13", "176,26": "21,13", "173,26": "21,13", "59,25": "21,13", "18,26": "21,12", "161,24": "21,13", "132,25": "21,12", "59,19": "45,28", "69,23": "9,15", "170,26": "21,13", "48,27": "21,13", "131,25": "21,12", "162,24": "21,13", "9,25": "47,28", "154,22": "24,9", "134,25": "20,9", "167,24": "21,13", "175,26": "21,13", "47,27": "21,13", "14,26": "21,12", "55,25": "21,13", "66,23": "23,9", "50,25": "21,13", "129,27": "21,13", "63,23": "21,13", "42,27": "21,13", "3,25": "19,19", "11,26": "21,12", "168,24": "21,13", "48,26": "21,12", "131,24": "9,15", "162,25": "21,13", "170,27": "21,13", "175,27": "21,13", "134,24": "20,8", "154,23": "21,13", "167,25": "21,13", "55,24": "21,13", "66,22": "23,8", "47,26": "21,12", "14,27": "21,13", "42,26": "21,12", "11,27": "21,13", "168,25": "21,13", "3,24": "19,19", "50,24": "21,13", "129,26": "21,13", "30,23": "9,22", "63,22": "21,13", "167,26": "21,13", "134,27": "21,13", "175,24": "21,13", "170,24": "21,12", "9,27": "21,13", "162,26": "21,13", "131,27": "21,13", "63,21": "22,8", "50,27": "21,13", "129,25": "21,12", "168,26": "21,13", "71,23": "45,28", "3,27": "21,13", "74,23": "44,27", "6,27": "21,13", "44,19": "24,9", "55,27": "21,13", "175,25": "21,13", "167,27": "21,13", "134,26": "21,13", "154,21": "24,8", "162,27": "21,13", "9,26": "21,12", "131,26": "21,13", "170,25": "21,13", "3,26": "21,12", "168,27": "21,13", "11,25": "29,15", "50,26": "21,13", "129,24": "29,15", "66,20": "9,22", "55,26": "21,13", "6,26": "21,12", "14,25": "44,27", "44,18": "24,8", "54,23": "21,13", "67,25": "21,13", "81,26": "21,12", "26,26": "21,12", "7,23": "9,22", "75,27": "21,13", "23,26": "21,12", "2,23": "18,18", "70,27": "21,13", "51,23": "21,13", "62,25": "21,13", "84,26": "21,12", "49,21": "20,13", "29,26": "21,12", "163,22": "21,13", "68,25": "21,13", "155,24": "21,13", "166,22": "22,8", "26,27": "21,13", "75,26": "21,13", "34,25": "47,28", "54,22": "21,13", "81,27": "21,13", "67,24": "21,13", "51,22": "21,13", "84,27": "21,13", "62,24": "21,13", "23,27": "21,13", "43,20": "24,9", "70,26": "21,13", "169,23": "23,8", "171,21": "18,16", "68,24": "23,9", "29,27": "21,13", "49,20": "20,12", "163,23": "21,13", "155,25": "21,13", "166,23": "21,13", "70,25": "21,13", "62,27": "21,13", "31,26": "21,12", "51,21": "21,13", "67,27": "21,13", "54,21": "21,13", "34,26": "21,12", "75,25": "21,13", "93,26": "21,12", "155,26": "21,13", "135,21": "8,22", "163,20": "44,27", "49,23": "20,13", "68,27": "21,13", "171,22": "18,17", "62,26": "21,13", "84,25": "47,28", "51,20": "21,12", "31,27": "21,13", "70,24": "21,12", "43,22": "27,15", "93,27": "21,13", "75,24": "21,12", "26,25": "45,28", "67,26": "21,13", "81,25": "45,28", "34,27": "21,13", "54,20": "21,12", "155,27": "27,15", "174,23": "20,8", "171,23": "18,17", "68,26": "21,13", "163,21": "21,12", "49,22": "20,13", "162,20": "47,28", "69,27": "21,13", "167,20": "8,22", "154,26": "27,15", "66,27": "21,13", "55,21": "21,13", "35,26": "21,12", "92,26": "21,12", "74,25": "21,13", "168,20": "9,22", "71,25": "21,13", "42,23": "24,15", "63,27": "21,13", "30,26": "21,12", "50,21": "21,13", "170,23": "45,28", "69,26": "21,13", "162,21": "21,12", "28,25": "29,15", "175,23": "21,8", "74,24": "21,12", "92,27": "21,13", "27,25": "9,15", "66,26": "21,13", "35,27": "21,13", "55,20": "21,12", "85,25": "9,15", "63,26": "21,13", "50,20": "21,12", "30,27": "21,13", "71,24": "21,12", "175,20": "8,22", "154,24": "21,13", "167,22": "23,8", "48,21": "24,15", "28,26": "21,12", "162,22": "21,13", "69,25": "21,13", "42,21": "25,15", "22,26": "21,12", "71,27": "21,13", "3,23": "19,18", "50,23": "21,13", "85,26": "21,12", "60,19": "29,15", "63,25": "21,13", "55,23": "21,13", "80,26": "21,12", "66,25": "21,13", "27,26": "21,12", "74,27": "21,13", "6,23": "8,22", "154,25": "21,13", "167,23": "23,9", "69,24": "21,12", "28,27": "21,13", "162,23": "21,13", "50,22": "21,13", "63,24": "21,13", "85,27": "21,13", "22,27": "21,13", "42,20": "24,8", "71,26": "21,13", "168,23": "22,8", "47,20": "24,15", "27,27": "21,13", "92,25": "44,27", "74,26": "21,13", "55,22": "21,13", "66,24": "21,13", "80,27": "21,13", "7,27": "21,13", "46,25": "27,15", "54,27": "21,13", "62,21": "23,9", "51,27": "21,13", "128,25": "20,12", "2,27": "21,13", "169,26": "21,13", "70,23": "29,15", "171,24": "21,12", "163,26": "21,13", "8,27": "21,13", "49,25": "20,13", "130,27": "21,13", "166,26": "21,13", "135,27": "21,13", "174,24": "20,9", "54,26": "21,13", "15,25": "45,28", "7,26": "21,12", "45,18": "22,15", "169,27": "21,13", "2,26": "21,12", "43,24": "24,15", "62,20": "23,8", "51,26": "21,13", "8,26": "21,12", "163,27": "21,13", "29,23": "8,22", "49,24": "20,13", "130,26": "21,13", "171,25": "21,13", "174,25": "21,13", "166,27": "21,13", "135,26": "21,13", "155,21": "22,15", "52,19": "29,15", "51,25": "21,13", "128,27": "20,13", "62,23": "21,13", "43,27": "21,13", "10,26": "21,12", "169,24": "23,9", "2,25": "18,19", "46,27": "21,13", "15,26": "21,12", "57,19": "44,27", "54,25": "21,13", "67,23": "22,8", "155,22": "21,13", "135,25": "21,13", "166,24": "21,13", "174,26": "21,13", "68,23": "23,8", "171,26": "21,13", "49,27": "21,13", "130,25": "21,12", "8,25": "9,15", "163,24": "21,13", "43,26": "21,12", "2,24": "18,19", "10,27": "21,13", "169,25": "21,13", "51,24": "21,13", "128,26": "20,13", "62,22": "21,13", "54,24": "21,13", "46,26": "21,12", "15,27": "21,13", "174,27": "21,13", "135,24": "21,8", "155,23": "21,13", "166,25": "21,13", "49,26": "25,14", "130,24": "45,28", "163,25": "21,13", "171,27": "21,13" }, "KEEP_POWERUP": 0.000000, "OBJECTS": { "79,20": "COIN", "60,17": "COIN", "79,21": "HIDDEN NOTE BLOCK", "90,22": "MESSAGE BLOCK", "32,22": "MESSAGE BLOCK", "73,21": "NOTE BLOCK", "79,22": "COIN", "60,15": "COIN", "20,22": "QUESTION BLOCK", "25,22": "QUESTION BLOCK", "144,12": "COIN", "58,17": "COIN", "57,16": "COIN", "140,26": "TIMED PLATFORM", "58,16": "TRIPLE HIDDEN BLOCK", "58,15": "COIN", "12,22": "QUESTION BLOCK", "18,22": "QUESTION BLOCK", "140,24": "TIMED PLATFORM", "59,15": "COIN", "84,19": "BUBBLE ITEM", "19,22": "QUESTION BLOCK", "13,22": "QUESTION BLOCK", "59,17": "COIN", "145,12": "COIN", "133,22": "CHECKPOINT", "109,18": "WINGED BLOCK", "161,17": "MESSAGE BLOCK", "56,16": "COIN", "104,20": "PARAKOOPA", "119,23": "MOVING SAW", "21,22": "QUESTION BLOCK", "86,21": "BUBBLE ITEM", "61,16": "COIN", "78,21": "COIN", "74,21": "NOTE BLOCK", "80,21": "COIN", "126,25": "RED PARAKOOPA", "22,22": "TRIPLE BLOCK", "27,22": "QUESTION BLOCK", "55,16": "HIDDEN BLOCK", "7,22": "MESSAGE BLOCK", "149,12": "COIN", "55,17": "COIN", "146,12": "COIN", "143,12": "COIN", "87,18": "BUBBLE ITEM", "15,22": "TRIPLE BLOCK", "141,18": "MOVING ROPE", "55,15": "COIN", "151,12": "COIN", "131,21": "MESSAGE BLOCK", "14,22": "QUESTION BLOCK", "150,12": "COIN", "152,18": "TOUCH-START MOVING ROPE", "108,25": "MOVING PIPE", "54,16": "COIN", "109,10": "RED PARAKOOPA", "51,16": "MESSAGE BLOCK", "142,12": "COIN", "147,12": "COIN", "97,25": "MOVING PLATFORM", "148,12": "COIN", "65,18": "SPIKED BLOCK", "26,22": "QUESTION BLOCK", "68,20": "WINGED BLOCK", "114,22": "TOUCH-START MOVING PLATFORM", "75,21": "NOTE BLOCK", "93,23": "CHECKPOINT" }, "HEIGHT": 28.000000, "MARKERS": { "4,24": "UP", "112,22": "DOWN", "141,12": "SPEED", "119,27": "UP", "149,18": "LEFT", "153,13": "UP", "124,22": "END", "140,11": "DOWN", "152,10": "LEFT", "109,18": "CLOCKWISE BOTTOM", "105,25": "LEFT", "104,20": "RIGHT", "119,23": "DOWN", "126,19": "DOWN", "141,14": "RIGHT", "126,25": "UP", "68,15": "DOWN", "108,20": "LEFT", "109,25": "UP", "151,11": "SPEED", "171,21": "WARP TOP", "141,18": "RIGHT", "152,18": "UP", "108,25": "RIGHT", "109,10": "CLOCKWISE", "97,25": "RIGHT", "171,24": "WARP MARKER", "68,20": "UP", "111,22": "LEFT" }, "MUSIC": "FOREST", "MODIFIERS": { "79,21": "POISON SHROOM", "90,22": "MESSAGE:Arrow modifers can be used to modify the movement of certain objects. Here are a few examples.", "60,16": "YELLOW YOSHI", "32,22": "MESSAGE:Wow, Mario Editor has a lot of different powerups. Either way, these blocks have been modified with item modifiers. These are pretty easy to use.", "73,21": "STAR", "20,22": "CARROT", "25,22": "PROPELLER SHROOM", "140,26": "TEXT:3", "58,16": "GREEN YOSHI", "12,22": "FIRE FLOWER", "17,22": "BOMB SHROOM", "18,22": "ICE FLOWER", "140,24": "TEXT:2", "84,19": "JUGEMU SHOE", "19,22": "SUPER FLOWER", "16,22": "FROG SUIT", "13,22": "HAMMER SUIT", "109,18": "MUSHROOM", "161,17": "MESSAGE:The message modifier lets you write more refined text for your message boxes. Nya~", "59,16": "RED YOSHI", "24,22": "PENGUIN SUIT", "21,22": "NINJA SUIT", "86,21": "PROPELLER BLOCK", "74,21": "3UP", "22,22": "BEE SHROOM", "27,22": "WALL JUMP SHROOM", "55,16": "MUSHROOM", "151,11": "TEXT:5", "7,22": "MESSAGE:In Mario Editor, modifiers are used to modify the behavior of other objects you have already placed. Look at these blocks, for example.", "87,18": "BLUE YOSHI", "15,22": "TANOOKI SUIT", "141,18": "TEXT:4", "131,21": "MESSAGE:Text modifiers let you modify things with the power of user input! In the editor, you can hover your cursor over placed text modifiers to read their contents.", "14,22": "LEAF", "152,18": "TEXT:2", "51,16": "MESSAGE:Here are some more item modifier examples...", "65,18": "1UP", "26,22": "BOOMERANG FLOWER", "23,22": "SHELL SUIT", "171,24": "TEXT:BIGPIPE,MAIN", "68,20": "KURIBO SHOE", "75,21": "SPRING", "2,24": "DESTINATION:START" } } }
